engine_location	fuel_type	aspiration	drive_wheels	num_of_doors	body_style	engine_type	num_of_cylinders	fuel_system	make	normalized_losses	peak_rpm	city_mpg	highway_mpg	compression_ratio	stroke	bore	engine_size	width	height	wheel_base	horsepower	length	curb_weight	price	symboling
front	gas	std	rwd	two	convertible	dohc	four	mpfi	alfa-romero	?	5000.0	21.0	27.0	9.0	2.68	3.47	130.0	64.1	48.8	88.6	111.0	168.8	2548.0	13495.0	3
front	gas	std	rwd	two	convertible	dohc	four	mpfi	alfa-romero	?	5000.0	21.0	27.0	9.0	2.68	3.47	130.0	64.1	48.8	88.6	111.0	168.8	2548.0	16500.0	3
front	gas	std	rwd	two	hatchback	ohcv	six	mpfi	alfa-romero	?	5000.0	19.0	26.0	9.0	3.47	2.68	152.0	65.5	52.4	94.5	154.0	171.2	2823.0	16500.0	1
front	gas	std	fwd	four	sedan	ohc	four	mpfi	audi	164	5500.0	24.0	30.0	10.0	3.4	3.19	109.0	66.2	54.3	99.8	102.0	176.6	2337.0	13950.0	2
front	gas	std	4wd	four	sedan	ohc	five	mpfi	audi	164	5500.0	18.0	22.0	8.0	3.4	3.19	136.0	66.4	54.3	99.4	115.0	176.6	2824.0	17450.0	2
front	gas	std	fwd	two	sedan	ohc	five	mpfi	audi	?	5500.0	19.0	25.0	8.5	3.4	3.19	136.0	66.3	53.1	99.8	110.0	177.3	2507.0	15250.0	2
front	gas	std	fwd	four	sedan	ohc	five	mpfi	audi	158	5500.0	19.0	25.0	8.5	3.4	3.19	136.0	71.4	55.7	105.8	110.0	192.7	2844.0	17710.0	1
front	gas	std	fwd	four	wagon	ohc	five	mpfi	audi	?	5500.0	19.0	25.0	8.5	3.4	3.19	136.0	71.4	55.7	105.8	110.0	192.7	2954.0	18920.0	1
front	gas	turbo	fwd	four	sedan	ohc	five	mpfi	audi	158	5500.0	17.0	20.0	8.3	3.4	3.13	131.0	71.4	55.9	105.8	140.0	192.7	3086.0	23875.0	1
front	gas	std	rwd	two	sedan	ohc	four	mpfi	bmw	192	5800.0	23.0	29.0	8.8	2.8	3.5	108.0	64.8	54.3	101.2	101.0	176.8	2395.0	16430.0	2
front	gas	std	rwd	four	sedan	ohc	four	mpfi	bmw	192	5800.0	23.0	29.0	8.8	2.8	3.5	108.0	64.8	54.3	101.2	101.0	176.8	2395.0	16925.0	0
front	gas	std	rwd	two	sedan	ohc	six	mpfi	bmw	188	4250.0	21.0	28.0	9.0	3.19	3.31	164.0	64.8	54.3	101.2	121.0	176.8	2710.0	20970.0	0
front	gas	std	rwd	four	sedan	ohc	six	mpfi	bmw	188	4250.0	21.0	28.0	9.0	3.19	3.31	164.0	64.8	54.3	101.2	121.0	176.8	2765.0	21105.0	0
front	gas	std	rwd	four	sedan	ohc	six	mpfi	bmw	?	4250.0	20.0	25.0	9.0	3.19	3.31	164.0	66.9	55.7	103.5	121.0	189.0	3055.0	24565.0	1
front	gas	std	rwd	four	sedan	ohc	six	mpfi	bmw	?	5400.0	16.0	22.0	8.0	3.39	3.62	209.0	66.9	55.7	103.5	182.0	189.0	3230.0	30760.0	0
front	gas	std	rwd	two	sedan	ohc	six	mpfi	bmw	?	5400.0	16.0	22.0	8.0	3.39	3.62	209.0	67.9	53.7	103.5	182.0	193.8	3380.0	41315.0	0
front	gas	std	rwd	four	sedan	ohc	six	mpfi	bmw	?	5400.0	15.0	20.0	8.0	3.39	3.62	209.0	70.9	56.3	110.0	182.0	197.0	3505.0	36880.0	0
front	gas	std	fwd	two	hatchback	l	three	2bbl	chevrolet	121	5100.0	47.0	53.0	9.5	3.03	2.91	61.0	60.3	53.2	88.4	48.0	141.1	1488.0	5151.0	2
front	gas	std	fwd	two	hatchback	ohc	four	2bbl	chevrolet	98	5400.0	38.0	43.0	9.6	3.11	3.03	90.0	63.6	52.0	94.5	70.0	155.9	1874.0	6295.0	1
front	gas	std	fwd	four	sedan	ohc	four	2bbl	chevrolet	81	5400.0	38.0	43.0	9.6	3.11	3.03	90.0	63.6	52.0	94.5	70.0	158.8	1909.0	6575.0	0
front	gas	std	fwd	two	hatchback	ohc	four	2bbl	dodge	118	5500.0	37.0	41.0	9.41	3.23	2.97	90.0	63.8	50.8	93.7	68.0	157.3	1876.0	5572.0	1
front	gas	std	fwd	two	hatchback	ohc	four	2bbl	dodge	118	5500.0	31.0	38.0	9.4	3.23	2.97	90.0	63.8	50.8	93.7	68.0	157.3	1876.0	6377.0	1
front	gas	turbo	fwd	two	hatchback	ohc	four	mpfi	dodge	118	5500.0	24.0	30.0	7.6	3.39	3.03	98.0	63.8	50.8	93.7	102.0	157.3	2128.0	7957.0	1
front	gas	std	fwd	four	hatchback	ohc	four	2bbl	dodge	148	5500.0	31.0	38.0	9.4	3.23	2.97	90.0	63.8	50.6	93.7	68.0	157.3	1967.0	6229.0	1
front	gas	std	fwd	four	sedan	ohc	four	2bbl	dodge	148	5500.0	31.0	38.0	9.4	3.23	2.97	90.0	63.8	50.6	93.7	68.0	157.3	1989.0	6692.0	1
front	gas	std	fwd	four	sedan	ohc	four	2bbl	dodge	148	5500.0	31.0	38.0	9.4	3.23	2.97	90.0	63.8	50.6	93.7	68.0	157.3	1989.0	7609.0	1
front	gas	turbo	fwd	?	sedan	ohc	four	mpfi	dodge	148	5500.0	24.0	30.0	7.6	3.39	3.03	98.0	63.8	50.6	93.7	102.0	157.3	2191.0	8558.0	1
front	gas	std	fwd	four	wagon	ohc	four	2bbl	dodge	110	5000.0	24.0	30.0	8.5	3.46	3.34	122.0	64.6	59.8	103.3	88.0	174.6	2535.0	8921.0	-1
front	gas	turbo	fwd	two	hatchback	ohc	four	mfi	dodge	145	5000.0	19.0	24.0	7.0	3.9	3.6	156.0	66.3	50.2	95.9	145.0	173.2	2811.0	12964.0	3
front	gas	std	fwd	two	hatchback	ohc	four	1bbl	honda	137	4800.0	49.0	54.0	9.6	3.41	2.91	92.0	63.9	50.8	86.6	58.0	144.6	1713.0	6479.0	2
front	gas	std	fwd	two	hatchback	ohc	four	1bbl	honda	137	6000.0	31.0	38.0	9.2	3.41	2.91	92.0	63.9	50.8	86.6	76.0	144.6	1819.0	6855.0	2
front	gas	std	fwd	two	hatchback	ohc	four	1bbl	honda	101	5500.0	38.0	42.0	10.1	3.07	2.91	79.0	64.0	52.6	93.7	60.0	150.0	1837.0	5399.0	1
front	gas	std	fwd	two	hatchback	ohc	four	1bbl	honda	101	6000.0	30.0	34.0	9.2	3.41	2.91	92.0	64.0	52.6	93.7	76.0	150.0	1940.0	6529.0	1
front	gas	std	fwd	two	hatchback	ohc	four	1bbl	honda	101	6000.0	30.0	34.0	9.2	3.41	2.91	92.0	64.0	52.6	93.7	76.0	150.0	1956.0	7129.0	1
front	gas	std	fwd	four	sedan	ohc	four	1bbl	honda	110	6000.0	30.0	34.0	9.2	3.41	2.91	92.0	64.0	54.5	96.5	76.0	163.4	2010.0	7295.0	0
front	gas	std	fwd	four	wagon	ohc	four	1bbl	honda	78	6000.0	30.0	34.0	9.2	3.41	2.92	92.0	63.9	58.3	96.5	76.0	157.1	2024.0	7295.0	0
front	gas	std	fwd	two	hatchback	ohc	four	1bbl	honda	106	5800.0	27.0	33.0	9.0	3.58	3.15	110.0	65.2	53.3	96.5	86.0	167.5	2236.0	7895.0	0
front	gas	std	fwd	two	hatchback	ohc	four	1bbl	honda	106	5800.0	27.0	33.0	9.0	3.58	3.15	110.0	65.2	53.3	96.5	86.0	167.5	2289.0	9095.0	0
front	gas	std	fwd	four	sedan	ohc	four	1bbl	honda	85	5800.0	27.0	33.0	9.0	3.58	3.15	110.0	65.2	54.1	96.5	86.0	175.4	2304.0	8845.0	0
front	gas	std	fwd	four	sedan	ohc	four	1bbl	honda	85	5800.0	27.0	33.0	9.0	3.58	3.15	110.0	62.5	54.1	96.5	86.0	175.4	2372.0	10295.0	0
front	gas	std	fwd	four	sedan	ohc	four	mpfi	honda	85	5800.0	24.0	28.0	9.0	3.58	3.15	110.0	65.2	54.1	96.5	101.0	175.4	2465.0	12945.0	0
front	gas	std	fwd	two	sedan	ohc	four	2bbl	honda	107	5500.0	25.0	31.0	9.1	3.58	3.15	110.0	66.0	51.0	96.5	100.0	169.1	2293.0	10345.0	1
front	gas	std	rwd	four	sedan	ohc	four	2bbl	isuzu	?	4800.0	24.0	29.0	8.5	3.23	3.31	111.0	61.8	53.5	94.3	78.0	170.7	2337.0	6785.0	0
front	gas	std	rwd	two	hatchback	ohc	four	spfi	isuzu	?	5000.0	24.0	29.0	9.2	3.23	3.43	119.0	65.2	51.4	96.0	90.0	172.6	2734.0	11048.0	2
front	gas	std	rwd	four	sedan	dohc	six	mpfi	jaguar	145	4750.0	15.0	19.0	8.1	4.17	3.63	258.0	69.6	52.8	113.0	176.0	199.6	4066.0	32250.0	0
front	gas	std	rwd	four	sedan	dohc	six	mpfi	jaguar	?	4750.0	15.0	19.0	8.1	4.17	3.63	258.0	69.6	52.8	113.0	176.0	199.6	4066.0	35550.0	0
front	gas	std	rwd	two	sedan	ohcv	twelve	mpfi	jaguar	?	5000.0	13.0	17.0	11.5	2.76	3.54	326.0	70.6	47.8	102.0	262.0	191.7	3950.0	36000.0	0
front	gas	std	fwd	two	hatchback	ohc	four	2bbl	mazda	104	5000.0	30.0	31.0	9.0	3.15	3.03	91.0	64.2	54.1	93.1	68.0	159.1	1890.0	5195.0	1
front	gas	std	fwd	two	hatchback	ohc	four	2bbl	mazda	104	5000.0	31.0	38.0	9.0	3.15	3.03	91.0	64.2	54.1	93.1	68.0	159.1	1900.0	6095.0	1
front	gas	std	fwd	two	hatchback	ohc	four	2bbl	mazda	104	5000.0	31.0	38.0	9.0	3.15	3.03	91.0	64.2	54.1	93.1	68.0	159.1	1905.0	6795.0	1
front	gas	std	fwd	four	sedan	ohc	four	2bbl	mazda	113	5000.0	31.0	38.0	9.0	3.15	3.03	91.0	64.2	54.1	93.1	68.0	166.8	1945.0	6695.0	1
front	gas	std	fwd	four	sedan	ohc	four	2bbl	mazda	113	5000.0	31.0	38.0	9.0	3.15	3.08	91.0	64.2	54.1	93.1	68.0	166.8	1950.0	7395.0	1
front	gas	std	fwd	two	hatchback	ohc	four	2bbl	mazda	129	4800.0	26.0	32.0	8.6	3.39	3.39	122.0	66.5	53.7	98.8	84.0	177.8	2385.0	8845.0	1
front	gas	std	fwd	four	sedan	ohc	four	2bbl	mazda	115	4800.0	26.0	32.0	8.6	3.39	3.39	122.0	66.5	55.5	98.8	84.0	177.8	2410.0	8495.0	0
front	gas	std	fwd	two	hatchback	ohc	four	2bbl	mazda	129	4800.0	26.0	32.0	8.6	3.39	3.39	122.0	66.5	53.7	98.8	84.0	177.8	2385.0	10595.0	1
front	gas	std	fwd	four	sedan	ohc	four	2bbl	mazda	115	4800.0	26.0	32.0	8.6	3.39	3.39	122.0	66.5	55.5	98.8	84.0	177.8	2410.0	10245.0	0
front	diesel	std	fwd	?	sedan	ohc	four	idi	mazda	?	4650.0	36.0	42.0	22.7	3.39	3.39	122.0	66.5	55.5	98.8	64.0	177.8	2443.0	10795.0	0
front	gas	std	fwd	four	hatchback	ohc	four	2bbl	mazda	115	4800.0	26.0	32.0	8.6	3.39	3.39	122.0	66.5	55.5	98.8	84.0	177.8	2425.0	11245.0	0
front	gas	std	rwd	four	sedan	ohc	four	mpfi	mazda	118	5000.0	19.0	27.0	8.0	3.16	3.76	140.0	66.1	54.4	104.9	120.0	175.0	2670.0	18280.0	0
front	diesel	std	rwd	four	sedan	ohc	four	idi	mazda	?	4200.0	31.0	39.0	22.0	3.64	3.43	134.0	66.1	54.4	104.9	72.0	175.0	2700.0	18344.0	0
front	diesel	turbo	rwd	four	sedan	ohc	five	idi	mercedes-benz	93	4350.0	22.0	25.0	21.5	3.64	3.58	183.0	70.3	56.5	110.0	123.0	190.9	3515.0	25552.0	-1
front	diesel	turbo	rwd	four	wagon	ohc	five	idi	mercedes-benz	93	4350.0	22.0	25.0	21.5	3.64	3.58	183.0	70.3	58.7	110.0	123.0	190.9	3750.0	28248.0	-1
front	diesel	turbo	rwd	two	hardtop	ohc	five	idi	mercedes-benz	93	4350.0	22.0	25.0	21.5	3.64	3.58	183.0	70.3	54.9	106.7	123.0	187.5	3495.0	28176.0	0
front	diesel	turbo	rwd	four	sedan	ohc	five	idi	mercedes-benz	93	4350.0	22.0	25.0	21.5	3.64	3.58	183.0	71.7	56.3	115.6	123.0	202.6	3770.0	31600.0	-1
front	gas	std	rwd	four	sedan	ohcv	eight	mpfi	mercedes-benz	?	4750.0	16.0	18.0	8.3	3.1	3.46	234.0	71.7	56.5	115.6	155.0	202.6	3740.0	34184.0	-1
front	gas	std	rwd	two	convertible	ohcv	eight	mpfi	mercedes-benz	142	4750.0	16.0	18.0	8.3	3.1	3.46	234.0	70.5	50.8	96.6	155.0	180.3	3685.0	35056.0	3
front	gas	std	rwd	four	sedan	ohcv	eight	mpfi	mercedes-benz	?	4500.0	14.0	16.0	8.0	3.35	3.8	308.0	71.7	56.7	120.9	184.0	208.1	3900.0	40960.0	0
front	gas	std	rwd	two	hardtop	ohcv	eight	mpfi	mercedes-benz	?	4500.0	14.0	16.0	8.0	3.35	3.8	304.0	72.0	55.4	112.0	184.0	199.2	3715.0	45400.0	1
front	gas	turbo	rwd	two	hatchback	ohc	four	mpfi	mercury	?	5000.0	19.0	24.0	8.0	3.12	3.78	140.0	68.0	54.8	102.7	175.0	178.4	2910.0	16503.0	1
front	gas	std	fwd	two	hatchback	ohc	four	2bbl	mitsubishi	161	5500.0	37.0	41.0	9.4	3.23	2.97	92.0	64.4	50.8	93.7	68.0	157.3	1918.0	5389.0	2
front	gas	std	fwd	two	hatchback	ohc	four	2bbl	mitsubishi	161	5500.0	31.0	38.0	9.4	3.23	2.97	92.0	64.4	50.8	93.7	68.0	157.3	1944.0	6189.0	2
front	gas	std	fwd	two	hatchback	ohc	four	2bbl	mitsubishi	161	5500.0	31.0	38.0	9.4	3.23	2.97	92.0	64.4	50.8	93.7	68.0	157.3	2004.0	6669.0	2
front	gas	turbo	fwd	two	hatchback	ohc	four	spdi	mitsubishi	161	5500.0	24.0	30.0	7.6	3.39	3.03	98.0	63.8	50.8	93.0	102.0	157.3	2145.0	7689.0	1
front	gas	turbo	fwd	two	hatchback	ohc	four	spdi	mitsubishi	153	5500.0	23.0	30.0	7.5	3.46	3.17	110.0	65.4	49.4	96.3	116.0	173.0	2370.0	9959.0	3
front	gas	std	fwd	two	hatchback	ohc	four	2bbl	mitsubishi	153	5000.0	25.0	32.0	8.5	3.46	3.35	122.0	65.4	49.4	96.3	88.0	173.0	2328.0	8499.0	3
front	gas	turbo	fwd	two	hatchback	ohc	four	spdi	mitsubishi	?	5000.0	19.0	24.0	7.0	3.86	3.58	156.0	66.3	50.2	95.9	145.0	173.2	2833.0	12629.0	3
front	gas	turbo	fwd	two	hatchback	ohc	four	spdi	mitsubishi	?	5000.0	19.0	24.0	7.0	3.86	3.59	156.0	66.3	50.2	95.9	145.0	173.2	2921.0	14869.0	3
front	gas	turbo	fwd	two	hatchback	ohc	four	spdi	mitsubishi	?	5000.0	19.0	24.0	7.0	3.86	3.59	156.0	66.3	50.2	95.9	145.0	173.2	2926.0	14489.0	3
front	gas	std	fwd	four	sedan	ohc	four	2bbl	mitsubishi	125	5000.0	25.0	32.0	8.5	3.46	3.35	122.0	65.4	51.6	96.3	88.0	172.4	2365.0	6989.0	1
front	gas	std	fwd	four	sedan	ohc	four	2bbl	mitsubishi	125	5000.0	25.0	32.0	8.5	3.46	3.35	122.0	65.4	51.6	96.3	88.0	172.4	2405.0	8189.0	1
front	gas	turbo	fwd	four	sedan	ohc	four	spdi	mitsubishi	125	5500.0	23.0	30.0	7.5	3.46	3.17	110.0	65.4	51.6	96.3	116.0	172.4	2403.0	9279.0	1
front	gas	std	fwd	four	sedan	ohc	four	spdi	mitsubishi	137	5500.0	23.0	30.0	7.5	3.46	3.17	110.0	65.4	51.6	96.3	116.0	172.4	2403.0	9279.0	-1
front	gas	std	fwd	two	sedan	ohc	four	2bbl	nissan	128	5200.0	31.0	37.0	9.4	3.29	3.15	97.0	63.8	54.5	94.5	69.0	165.3	1889.0	5499.0	1
front	diesel	std	fwd	two	sedan	ohc	four	idi	nissan	128	4800.0	45.0	50.0	21.9	3.47	2.99	103.0	63.8	54.5	94.5	55.0	165.3	2017.0	7099.0	1
front	gas	std	fwd	two	sedan	ohc	four	2bbl	nissan	128	5200.0	31.0	37.0	9.4	3.29	3.15	97.0	63.8	54.5	94.5	69.0	165.3	1918.0	6649.0	1
front	gas	std	fwd	four	sedan	ohc	four	2bbl	nissan	122	5200.0	31.0	37.0	9.4	3.29	3.15	97.0	63.8	54.5	94.5	69.0	165.3	1938.0	6849.0	1
front	gas	std	fwd	four	wagon	ohc	four	2bbl	nissan	103	5200.0	31.0	37.0	9.4	3.29	3.15	97.0	63.8	53.5	94.5	69.0	170.2	2024.0	7349.0	1
front	gas	std	fwd	two	sedan	ohc	four	2bbl	nissan	128	5200.0	31.0	37.0	9.4	3.29	3.15	97.0	63.8	54.5	94.5	69.0	165.3	1951.0	7299.0	1
front	gas	std	fwd	two	hatchback	ohc	four	2bbl	nissan	128	5200.0	31.0	37.0	9.4	3.29	3.15	97.0	63.8	53.3	94.5	69.0	165.6	2028.0	7799.0	1
front	gas	std	fwd	four	sedan	ohc	four	2bbl	nissan	122	5200.0	31.0	37.0	9.4	3.29	3.15	97.0	63.8	54.5	94.5	69.0	165.3	1971.0	7499.0	1
front	gas	std	fwd	four	wagon	ohc	four	2bbl	nissan	103	5200.0	31.0	37.0	9.4	3.29	3.15	97.0	63.8	53.5	94.5	69.0	170.2	2037.0	7999.0	1
front	gas	std	fwd	two	hardtop	ohc	four	2bbl	nissan	168	5200.0	31.0	37.0	9.4	3.29	3.15	97.0	63.8	53.3	95.1	69.0	162.4	2008.0	8249.0	2
front	gas	std	fwd	four	hatchback	ohc	four	2bbl	nissan	106	5200.0	27.0	34.0	8.5	3.47	3.33	120.0	65.2	54.7	97.2	97.0	173.4	2324.0	8949.0	0
front	gas	std	fwd	four	sedan	ohc	four	2bbl	nissan	106	5200.0	27.0	34.0	8.5	3.47	3.33	120.0	65.2	54.7	97.2	97.0	173.4	2302.0	9549.0	0
front	gas	std	fwd	four	sedan	ohcv	six	mpfi	nissan	128	5200.0	17.0	22.0	9.0	3.27	3.43	181.0	66.5	55.1	100.4	152.0	181.7	3095.0	13499.0	0
front	gas	std	fwd	four	wagon	ohcv	six	mpfi	nissan	108	5200.0	17.0	22.0	9.0	3.27	3.43	181.0	66.5	56.1	100.4	152.0	184.6	3296.0	14399.0	0
front	gas	std	fwd	four	sedan	ohcv	six	mpfi	nissan	108	5200.0	19.0	25.0	9.0	3.27	3.43	181.0	66.5	55.1	100.4	152.0	184.6	3060.0	13499.0	0
front	gas	std	rwd	two	hatchback	ohcv	six	mpfi	nissan	194	5200.0	19.0	25.0	9.0	3.27	3.43	181.0	67.9	49.7	91.3	160.0	170.7	3071.0	17199.0	3
front	gas	turbo	rwd	two	hatchback	ohcv	six	mpfi	nissan	194	5200.0	17.0	23.0	7.8	3.27	3.43	181.0	67.9	49.7	91.3	200.0	170.7	3139.0	19699.0	3
front	gas	std	rwd	two	hatchback	ohcv	six	mpfi	nissan	231	5200.0	19.0	25.0	9.0	3.27	3.43	181.0	67.9	49.7	99.2	160.0	178.5	3139.0	18399.0	1
front	gas	std	rwd	four	sedan	l	four	mpfi	peugot	161	5000.0	19.0	24.0	8.4	3.19	3.46	120.0	68.4	56.7	107.9	97.0	186.7	3020.0	11900.0	0
front	diesel	turbo	rwd	four	sedan	l	four	idi	peugot	161	4150.0	28.0	33.0	21.0	3.52	3.7	152.0	68.4	56.7	107.9	95.0	186.7	3197.0	13200.0	0
front	gas	std	rwd	four	wagon	l	four	mpfi	peugot	?	5000.0	19.0	24.0	8.4	3.19	3.46	120.0	68.4	58.7	114.2	97.0	198.9	3230.0	12440.0	0
front	diesel	turbo	rwd	four	wagon	l	four	idi	peugot	?	4150.0	25.0	25.0	21.0	3.52	3.7	152.0	68.4	58.7	114.2	95.0	198.9	3430.0	13860.0	0
front	gas	std	rwd	four	sedan	l	four	mpfi	peugot	161	5000.0	19.0	24.0	8.4	2.19	3.46	120.0	68.4	56.7	107.9	95.0	186.7	3075.0	15580.0	0
front	diesel	turbo	rwd	four	sedan	l	four	idi	peugot	161	4150.0	28.0	33.0	21.0	3.52	3.7	152.0	68.4	56.7	107.9	95.0	186.7	3252.0	16900.0	0
front	gas	std	rwd	four	wagon	l	four	mpfi	peugot	?	5000.0	19.0	24.0	8.4	2.19	3.46	120.0	68.4	56.7	114.2	95.0	198.9	3285.0	16695.0	0
front	diesel	turbo	rwd	four	wagon	l	four	idi	peugot	?	4150.0	25.0	25.0	21.0	3.52	3.7	152.0	68.4	58.7	114.2	95.0	198.9	3485.0	17075.0	0
front	gas	std	rwd	four	sedan	l	four	mpfi	peugot	161	5000.0	19.0	24.0	8.4	3.19	3.46	120.0	68.4	56.7	107.9	97.0	186.7	3075.0	16630.0	0
front	diesel	turbo	rwd	four	sedan	l	four	idi	peugot	161	4150.0	28.0	33.0	21.0	3.52	3.7	152.0	68.4	56.7	107.9	95.0	186.7	3252.0	17950.0	0
front	gas	turbo	rwd	four	sedan	l	four	mpfi	peugot	161	5600.0	18.0	24.0	7.0	3.21	3.61	134.0	68.3	56.0	108.0	142.0	186.7	3130.0	18150.0	0
front	gas	std	fwd	two	hatchback	ohc	four	2bbl	plymouth	119	5500.0	37.0	41.0	9.4	3.23	2.97	90.0	63.8	50.8	93.7	68.0	157.3	1918.0	5572.0	1
front	gas	turbo	fwd	two	hatchback	ohc	four	spdi	plymouth	119	5500.0	24.0	30.0	7.6	3.39	3.03	98.0	63.8	50.8	93.7	102.0	157.3	2128.0	7957.0	1
front	gas	std	fwd	four	hatchback	ohc	four	2bbl	plymouth	154	5500.0	31.0	38.0	9.4	3.23	2.97	90.0	63.8	50.6	93.7	68.0	157.3	1967.0	6229.0	1
front	gas	std	fwd	four	sedan	ohc	four	2bbl	plymouth	154	5500.0	31.0	38.0	9.4	3.23	2.97	90.0	63.8	50.8	93.7	68.0	167.3	1989.0	6692.0	1
front	gas	std	fwd	four	sedan	ohc	four	2bbl	plymouth	154	5500.0	31.0	38.0	9.4	3.23	2.97	98.0	63.8	50.8	93.7	68.0	167.3	2191.0	7609.0	1
front	gas	std	fwd	four	wagon	ohc	four	2bbl	plymouth	74	5000.0	24.0	30.0	8.5	3.46	3.35	122.0	64.6	59.8	103.3	88.0	174.6	2535.0	8921.0	-1
front	gas	turbo	rwd	two	hatchback	ohc	four	spdi	plymouth	?	5000.0	19.0	24.0	7.0	3.86	3.59	156.0	66.3	50.2	95.9	145.0	173.2	2818.0	12764.0	3
front	gas	std	rwd	two	hatchback	ohc	four	mpfi	porsche	186	5500.0	19.0	27.0	9.5	3.11	3.94	151.0	68.3	50.2	94.5	143.0	168.9	2778.0	22018.0	3
rear	gas	std	rwd	two	hardtop	ohcf	six	mpfi	porsche	?	5900.0	17.0	25.0	9.5	2.9	3.74	194.0	65.0	51.6	89.5	207.0	168.9	2756.0	32528.0	3
rear	gas	std	rwd	two	hardtop	ohcf	six	mpfi	porsche	?	5900.0	17.0	25.0	9.5	2.9	3.74	194.0	65.0	51.6	89.5	207.0	168.9	2756.0	34028.0	3
rear	gas	std	rwd	two	convertible	ohcf	six	mpfi	porsche	?	5900.0	17.0	25.0	9.5	2.9	3.74	194.0	65.0	51.6	89.5	207.0	168.9	2800.0	37028.0	3
front	gas	std	fwd	two	hatchback	ohc	four	mpfi	saab	150	5250.0	21.0	28.0	9.31	3.07	3.54	121.0	66.5	56.1	99.1	110.0	186.6	2658.0	11850.0	3
front	gas	std	fwd	four	sedan	ohc	four	mpfi	saab	104	5250.0	21.0	28.0	9.3	3.07	3.54	121.0	66.5	56.1	99.1	110.0	186.6	2695.0	12170.0	2
front	gas	std	fwd	two	hatchback	ohc	four	mpfi	saab	150	5250.0	21.0	28.0	9.3	2.07	2.54	121.0	66.5	56.1	99.1	110.0	186.6	2707.0	15040.0	3
front	gas	std	fwd	four	sedan	ohc	four	mpfi	saab	104	5250.0	21.0	28.0	9.3	3.07	3.54	121.0	66.5	56.1	99.1	110.0	186.6	2758.0	15510.0	2
front	gas	turbo	fwd	two	hatchback	dohc	four	mpfi	saab	150	5500.0	19.0	26.0	9.0	3.07	3.54	121.0	66.5	56.1	99.1	160.0	186.6	2808.0	18150.0	3
front	gas	turbo	fwd	four	sedan	dohc	four	mpfi	saab	104	5500.0	19.0	26.0	9.0	3.07	3.54	121.0	66.5	56.1	99.1	160.0	186.6	2847.0	18620.0	2
front	gas	std	fwd	two	hatchback	ohcf	four	2bbl	subaru	83	4900.0	31.0	36.0	9.0	2.36	3.62	97.0	63.4	53.7	93.7	69.0	156.9	2050.0	5118.0	2
front	gas	std	fwd	two	hatchback	ohcf	four	2bbl	subaru	83	4400.0	26.0	31.0	8.7	2.64	3.62	108.0	63.6	53.7	93.7	73.0	157.9	2120.0	7053.0	2
front	gas	std	4wd	two	hatchback	ohcf	four	2bbl	subaru	83	4400.0	26.0	31.0	8.7	2.64	3.62	108.0	63.8	55.7	93.3	73.0	157.3	2240.0	7603.0	2
front	gas	std	fwd	four	sedan	ohcf	four	2bbl	subaru	102	4800.0	32.0	37.0	9.5	2.64	3.62	108.0	65.4	52.5	97.2	82.0	172.0	2145.0	7126.0	0
front	gas	std	fwd	four	sedan	ohcf	four	2bbl	subaru	102	4400.0	28.0	33.0	9.5	2.64	3.62	108.0	65.4	52.5	97.2	82.0	172.0	2190.0	7775.0	0
front	gas	std	fwd	four	sedan	ohcf	four	mpfi	subaru	102	5200.0	26.0	32.0	9.0	2.64	3.62	108.0	65.4	52.5	97.2	94.0	172.0	2340.0	9960.0	0
front	gas	std	4wd	four	sedan	ohcf	four	2bbl	subaru	102	4800.0	24.0	25.0	9.0	2.64	3.62	108.0	65.4	54.3	97.0	82.0	172.0	2385.0	9233.0	0
front	gas	turbo	4wd	four	sedan	ohcf	four	mpfi	subaru	102	4800.0	24.0	29.0	7.7	2.64	3.62	108.0	65.4	54.3	97.0	111.0	172.0	2510.0	11259.0	0
front	gas	std	fwd	four	wagon	ohcf	four	2bbl	subaru	89	4800.0	28.0	32.0	9.0	2.64	3.62	108.0	65.4	53.0	97.0	82.0	173.5	2290.0	7463.0	0
front	gas	std	fwd	four	wagon	ohcf	four	mpfi	subaru	89	5200.0	25.0	31.0	9.0	2.64	3.62	108.0	65.4	53.0	97.0	94.0	173.5	2455.0	10198.0	0
front	gas	std	4wd	four	wagon	ohcf	four	2bbl	subaru	85	4800.0	23.0	29.0	9.0	2.64	3.62	108.0	65.4	54.9	96.9	82.0	173.6	2420.0	8013.0	0
front	gas	turbo	4wd	four	wagon	ohcf	four	mpfi	subaru	85	4800.0	23.0	23.0	7.7	2.64	3.62	108.0	65.4	54.9	96.9	111.0	173.6	2650.0	11694.0	0
front	gas	std	fwd	two	hatchback	ohc	four	2bbl	toyota	87	4800.0	35.0	39.0	9.0	3.03	3.05	92.0	63.6	54.5	95.7	62.0	158.7	1985.0	5348.0	1
front	gas	std	fwd	two	hatchback	ohc	four	2bbl	toyota	87	4800.0	31.0	38.0	9.0	3.03	3.05	92.0	63.6	54.5	95.7	62.0	158.7	2040.0	6338.0	1
front	gas	std	fwd	four	hatchback	ohc	four	2bbl	toyota	74	4800.0	31.0	38.0	9.0	3.03	3.05	92.0	63.6	54.5	95.7	62.0	158.7	2015.0	6488.0	1
front	gas	std	fwd	four	wagon	ohc	four	2bbl	toyota	77	4800.0	31.0	37.0	9.0	3.03	3.05	92.0	63.6	59.1	95.7	62.0	169.7	2280.0	6918.0	0
front	gas	std	4wd	four	wagon	ohc	four	2bbl	toyota	81	4800.0	27.0	32.0	9.0	3.03	3.05	92.0	63.6	59.1	95.7	62.0	169.7	2290.0	7898.0	0
front	gas	std	4wd	four	wagon	ohc	four	2bbl	toyota	91	4800.0	27.0	32.0	9.0	3.03	3.05	92.0	63.6	59.1	95.7	62.0	169.7	3110.0	8778.0	0
front	gas	std	fwd	four	sedan	ohc	four	2bbl	toyota	91	4800.0	30.0	37.0	9.0	3.03	3.19	98.0	64.4	53.0	95.7	70.0	166.3	2081.0	6938.0	0
front	gas	std	fwd	four	hatchback	ohc	four	2bbl	toyota	91	4800.0	30.0	37.0	9.0	3.03	3.19	98.0	64.4	52.8	95.7	70.0	166.3	2109.0	7198.0	0
front	diesel	std	fwd	four	sedan	ohc	four	idi	toyota	91	4500.0	34.0	36.0	22.5	3.35	3.27	110.0	64.4	53.0	95.7	56.0	166.3	2275.0	7898.0	0
front	diesel	std	fwd	four	hatchback	ohc	four	idi	toyota	91	4500.0	38.0	47.0	22.5	3.35	3.27	110.0	64.4	52.8	95.7	56.0	166.3	2275.0	7788.0	0
front	gas	std	fwd	four	sedan	ohc	four	2bbl	toyota	91	4800.0	38.0	47.0	9.0	3.03	3.19	98.0	64.4	53.0	95.7	70.0	166.3	2094.0	7738.0	0
front	gas	std	fwd	four	hatchback	ohc	four	2bbl	toyota	91	4800.0	28.0	34.0	9.0	3.03	3.19	98.0	64.4	52.8	95.7	70.0	166.3	2122.0	8358.0	0
front	gas	std	fwd	four	sedan	ohc	four	2bbl	toyota	91	4800.0	28.0	34.0	9.0	3.03	3.19	98.0	64.4	52.8	95.7	70.0	166.3	2140.0	9258.0	0
front	gas	std	rwd	two	sedan	ohc	four	2bbl	toyota	168	4800.0	29.0	34.0	9.0	3.03	3.19	98.0	64.0	52.6	94.5	70.0	168.7	2169.0	8058.0	1
front	gas	std	rwd	two	hatchback	ohc	four	2bbl	toyota	168	4800.0	29.0	34.0	9.0	3.03	3.19	98.0	64.0	52.6	94.5	70.0	168.7	2204.0	8238.0	1
front	gas	std	rwd	two	sedan	dohc	four	mpfi	toyota	168	6600.0	26.0	29.0	9.4	3.08	3.24	98.0	64.0	52.6	94.5	112.0	168.7	2265.0	9298.0	1
front	gas	std	rwd	two	hatchback	dohc	four	mpfi	toyota	168	6600.0	26.0	29.0	9.4	3.08	3.24	98.0	64.0	52.6	94.5	112.0	168.7	2300.0	9538.0	1
front	gas	std	rwd	two	hardtop	ohc	four	mpfi	toyota	134	4800.0	24.0	30.0	9.3	3.5	3.62	146.0	65.6	52.0	98.4	116.0	176.2	2540.0	8449.0	2
front	gas	std	rwd	two	hardtop	ohc	four	mpfi	toyota	134	4800.0	24.0	30.0	9.3	3.5	3.62	146.0	65.6	52.0	98.4	116.0	176.2	2536.0	9639.0	2
front	gas	std	rwd	two	hatchback	ohc	four	mpfi	toyota	134	4800.0	24.0	30.0	9.3	3.5	3.62	146.0	65.6	52.0	98.4	116.0	176.2	2551.0	9989.0	2
front	gas	std	rwd	two	hardtop	ohc	four	mpfi	toyota	134	4800.0	24.0	30.0	9.3	3.5	3.62	146.0	65.6	52.0	98.4	116.0	176.2	2679.0	11199.0	2
front	gas	std	rwd	two	hatchback	ohc	four	mpfi	toyota	134	4800.0	24.0	30.0	9.3	3.5	3.62	146.0	65.6	52.0	98.4	116.0	176.2	2714.0	11549.0	2
front	gas	std	rwd	two	convertible	ohc	four	mpfi	toyota	134	4800.0	24.0	30.0	9.3	3.5	3.62	146.0	65.6	53.0	98.4	116.0	176.2	2975.0	17669.0	2
front	gas	std	fwd	four	sedan	ohc	four	mpfi	toyota	65	4200.0	29.0	34.0	8.7	3.54	3.31	122.0	66.5	54.9	102.4	92.0	175.6	2326.0	8948.0	-1
front	diesel	turbo	fwd	four	sedan	ohc	four	idi	toyota	65	4500.0	30.0	33.0	22.5	3.35	3.27	110.0	66.5	54.9	102.4	73.0	175.6	2480.0	10698.0	-1
front	gas	std	fwd	four	hatchback	ohc	four	mpfi	toyota	65	4200.0	27.0	32.0	8.7	3.54	3.31	122.0	66.5	53.9	102.4	92.0	175.6	2414.0	9988.0	-1
front	gas	std	fwd	four	sedan	ohc	four	mpfi	toyota	65	4200.0	27.0	32.0	8.7	3.54	3.31	122.0	66.5	54.9	102.4	92.0	175.6	2414.0	10898.0	-1
front	gas	std	fwd	four	hatchback	ohc	four	mpfi	toyota	65	4200.0	27.0	32.0	8.7	3.54	3.31	122.0	66.5	53.9	102.4	92.0	175.6	2458.0	11248.0	-1
front	gas	std	rwd	two	hatchback	dohc	six	mpfi	toyota	197	5200.0	20.0	24.0	9.3	3.35	3.27	171.0	67.7	52.0	102.9	161.0	183.5	2976.0	16558.0	3
front	gas	std	rwd	two	hatchback	dohc	six	mpfi	toyota	197	5200.0	19.0	24.0	9.3	3.35	3.27	171.0	67.7	52.0	102.9	161.0	183.5	3016.0	15998.0	3
front	gas	std	rwd	four	sedan	dohc	six	mpfi	toyota	90	5200.0	20.0	24.0	9.2	3.35	3.27	171.0	66.5	54.1	104.5	156.0	187.8	3131.0	15690.0	-1
front	gas	std	rwd	four	wagon	dohc	six	mpfi	toyota	?	5200.0	19.0	24.0	9.2	3.35	3.27	161.0	66.5	54.1	104.5	156.0	187.8	3151.0	15750.0	-1
front	diesel	std	fwd	two	sedan	ohc	four	idi	volkswagen	122	4800.0	37.0	46.0	23.0	3.4	3.01	97.0	65.5	55.7	97.3	52.0	171.7	2261.0	7775.0	2
front	gas	std	fwd	two	sedan	ohc	four	mpfi	volkswagen	122	5250.0	27.0	34.0	9.0	3.4	3.19	109.0	65.5	55.7	97.3	85.0	171.7	2209.0	7975.0	2
front	diesel	std	fwd	four	sedan	ohc	four	idi	volkswagen	94	4800.0	37.0	46.0	23.0	3.4	3.01	97.0	65.5	55.7	97.3	52.0	171.7	2264.0	7995.0	2
front	gas	std	fwd	four	sedan	ohc	four	mpfi	volkswagen	94	5250.0	27.0	34.0	9.0	3.4	3.19	109.0	65.5	55.7	97.3	85.0	171.7	2212.0	8195.0	2
front	gas	std	fwd	four	sedan	ohc	four	mpfi	volkswagen	94	5250.0	27.0	34.0	9.0	3.4	3.19	109.0	65.5	55.7	97.3	85.0	171.7	2275.0	8495.0	2
front	diesel	turbo	fwd	four	sedan	ohc	four	idi	volkswagen	94	4500.0	37.0	42.0	23.0	3.4	3.01	97.0	65.5	55.7	97.3	68.0	171.7	2319.0	9495.0	2
front	gas	std	fwd	four	sedan	ohc	four	mpfi	volkswagen	94	5500.0	26.0	32.0	10.0	3.4	3.19	109.0	65.5	55.7	97.3	100.0	171.7	2300.0	9995.0	2
front	gas	std	fwd	two	convertible	ohc	four	mpfi	volkswagen	?	5500.0	24.0	29.0	8.5	3.4	3.19	109.0	64.2	55.6	94.5	90.0	159.3	2254.0	11595.0	3
front	gas	std	fwd	two	hatchback	ohc	four	mpfi	volkswagen	256	5500.0	24.0	29.0	8.5	3.4	3.19	109.0	64.0	51.4	94.5	90.0	165.7	2221.0	9980.0	3
front	gas	std	fwd	four	sedan	ohc	five	mpfi	volkswagen	?	5500.0	19.0	24.0	8.5	3.4	3.19	136.0	66.9	55.1	100.4	110.0	180.2	2661.0	13295.0	0
front	diesel	turbo	fwd	four	sedan	ohc	four	idi	volkswagen	?	4500.0	33.0	38.0	23.0	3.4	3.01	97.0	66.9	55.1	100.4	68.0	180.2	2579.0	13845.0	0
front	gas	std	fwd	four	wagon	ohc	four	mpfi	volkswagen	?	5500.0	25.0	31.0	9.0	3.4	3.19	109.0	66.9	55.1	100.4	88.0	183.1	2563.0	12290.0	0
front	gas	std	rwd	four	sedan	ohc	four	mpfi	volvo	103	5400.0	23.0	28.0	9.5	3.15	3.78	141.0	67.2	56.2	104.3	114.0	188.8	2912.0	12940.0	-2
front	gas	std	rwd	four	wagon	ohc	four	mpfi	volvo	74	5400.0	23.0	28.0	9.5	3.15	3.78	141.0	67.2	57.5	104.3	114.0	188.8	3034.0	13415.0	-1
front	gas	std	rwd	four	sedan	ohc	four	mpfi	volvo	103	5400.0	24.0	28.0	9.5	3.15	3.78	141.0	67.2	56.2	104.3	114.0	188.8	2935.0	15985.0	-2
front	gas	std	rwd	four	wagon	ohc	four	mpfi	volvo	74	5400.0	24.0	28.0	9.5	3.15	3.78	141.0	67.2	57.5	104.3	114.0	188.8	3042.0	16515.0	-1
front	gas	turbo	rwd	four	sedan	ohc	four	mpfi	volvo	103	5100.0	17.0	22.0	7.5	3.15	3.62	130.0	67.2	56.2	104.3	162.0	188.8	3045.0	18420.0	-2
front	gas	turbo	rwd	four	wagon	ohc	four	mpfi	volvo	74	5100.0	17.0	22.0	7.5	3.15	3.62	130.0	67.2	57.5	104.3	162.0	188.8	3157.0	18950.0	-1
front	gas	std	rwd	four	sedan	ohc	four	mpfi	volvo	95	5400.0	23.0	28.0	9.5	3.15	3.78	141.0	68.9	55.5	109.1	114.0	188.8	2952.0	16845.0	-1
front	gas	turbo	rwd	four	sedan	ohc	four	mpfi	volvo	95	5300.0	19.0	25.0	8.7	3.15	3.78	141.0	68.8	55.5	109.1	160.0	188.8	3049.0	19045.0	-1
front	gas	std	rwd	four	sedan	ohcv	six	mpfi	volvo	95	5500.0	18.0	23.0	8.8	2.87	3.58	173.0	68.9	55.5	109.1	134.0	188.8	3012.0	21485.0	-1
front	diesel	turbo	rwd	four	sedan	ohc	six	idi	volvo	95	4800.0	26.0	27.0	23.0	3.4	3.01	145.0	68.9	55.5	109.1	106.0	188.8	3217.0	22470.0	-1
front	gas	turbo	rwd	four	sedan	ohc	four	mpfi	volvo	95	5400.0	19.0	25.0	9.5	3.15	3.78	141.0	68.9	55.5	109.1	114.0	188.8	3062.0	22625.0	-1
