A10	A12	A9	A13	A5	A1	A4	A7	A6	A11	A8	A14	A3	A15	A2	class
t	f	t	g	g	b	u	v	w	1.0	1.25	202.0	0.0	0.0	30.83	+
t	f	t	g	g	a	u	h	q	6.0	3.04	43.0	4.46	560.0	58.67	+
f	f	t	g	g	a	u	h	q	0.0	1.5	280.0	0.5	824.0	24.5	+
t	t	t	g	g	b	u	v	w	5.0	3.75	100.0	1.54	3.0	27.83	+
f	f	t	s	g	b	u	v	w	0.0	1.71	120.0	5.625	0.0	20.17	+
f	t	t	g	g	b	u	v	m	0.0	2.5	360.0	4.0	0.0	32.08	+
f	t	t	g	g	b	u	h	r	0.0	6.5	164.0	1.04	31285.0	33.17	+
f	f	t	g	g	a	u	v	cc	0.0	0.04	80.0	11.585	1349.0	22.92	+
f	f	t	g	p	b	y	h	k	0.0	3.96	180.0	0.5	314.0	54.42	+
f	t	t	g	p	b	y	v	w	0.0	3.165	52.0	4.915	1442.0	42.5	+
f	t	f	g	g	b	u	h	c	0.0	2.165	128.0	0.83	0.0	22.08	+
f	f	t	g	g	b	u	h	c	0.0	4.335	260.0	1.835	200.0	29.92	+
f	t	t	g	g	a	u	v	k	0.0	1.0	0.0	6.0	0.0	38.25	+
f	f	f	g	g	b	u	v	k	0.0	0.04	0.0	6.04	2690.0	48.08	+
t	t	t	g	g	a	u	v	q	7.0	5.0	0.0	10.5	0.0	45.83	+
t	t	t	g	p	b	y	v	k	10.0	0.25	320.0	4.415	0.0	36.67	+
t	t	t	g	g	b	u	v	m	3.0	0.96	396.0	0.875	0.0	28.25	+
t	f	t	g	g	a	u	v	q	10.0	3.17	120.0	5.875	245.0	23.25	+
f	t	t	g	g	b	u	h	d	0.0	0.665	0.0	0.25	0.0	21.83	+
t	f	t	g	g	a	u	h	cc	7.0	0.75	96.0	8.585	0.0	19.17	+
t	f	t	g	g	b	u	v	c	17.0	2.5	200.0	11.25	1208.0	25.0	+
f	f	t	s	g	b	u	v	c	0.0	0.835	300.0	1.0	0.0	23.25	+
t	t	t	g	g	a	u	v	c	6.0	7.875	0.0	8.0	1260.0	47.75	+
t	f	t	g	g	a	u	h	x	1.0	3.085	120.0	14.5	11.0	27.42	+
t	t	t	g	g	a	u	v	q	3.0	0.5	145.0	6.5	0.0	41.17	+
t	f	t	g	g	a	u	h	c	2.0	1.5	100.0	0.585	0.0	15.83	+
t	t	t	g	g	a	u	bb	i	9.0	5.165	0.0	13.0	0.0	47.0	+
t	t	t	g	g	b	u	bb	d	17.0	15.0	0.0	18.5	0.0	56.58	+
t	f	t	g	g	b	u	h	e	3.0	7.0	0.0	8.5	0.0	57.42	+
t	t	t	g	g	b	u	v	w	6.0	5.0	500.0	1.04	10000.0	42.08	+
t	t	t	g	g	b	u	v	aa	5.0	5.04	168.0	14.79	0.0	29.25	+
t	f	t	g	g	b	u	h	x	8.0	7.96	0.0	9.79	0.0	42.0	+
t	t	t	g	g	b	u	bb	i	15.0	7.585	0.0	7.585	5000.0	49.5	+
f	t	t	g	g	a	u	v	e	0.0	5.0	0.0	5.125	4000.0	36.75	+
t	t	t	g	g	a	u	v	q	5.0	0.415	0.0	10.75	560.0	22.58	+
t	t	t	g	g	b	u	v	w	11.0	2.0	434.0	1.5	35.0	27.83	+
t	t	t	g	g	b	u	h	cc	12.0	1.835	583.0	1.585	713.0	27.25	+
t	t	t	g	g	a	u	h	x	2.0	0.5	300.0	11.75	551.0	23.0	+
t	f	t	g	p	b	y	v	cc	2.0	0.25	260.0	0.585	500.0	27.75	+
t	t	t	g	g	b	u	ff	ff	11.0	14.415	30.0	9.415	300.0	54.58	+
t	t	t	g	g	b	u	v	c	12.0	4.5	0.0	9.17	221.0	34.17	+
t	f	t	g	g	b	u	h	c	11.0	5.335	0.0	15.0	2283.0	28.92	+
t	f	t	g	g	b	u	h	w	1.0	0.75	240.0	1.415	100.0	29.67	+
t	t	t	g	g	b	u	v	w	6.0	8.625	70.0	13.915	0.0	39.58	+
t	f	t	g	p	b	y	v	c	40.0	28.5	0.0	28.0	15.0	56.42	+
t	t	t	g	g	b	u	h	c	11.0	2.625	0.0	6.75	284.0	54.33	+
t	t	t	g	p	a	y	h	q	23.0	0.125	455.0	2.04	1236.0	41.0	+
t	f	t	g	g	b	u	h	cc	3.0	6.04	311.0	4.46	300.0	31.92	+
f	f	f	g	g	b	u	bb	i	0.0	3.5	216.0	1.54	0.0	41.5	+
f	f	f	g	g	b	u	v	c	0.0	0.165	100.0	0.665	0.0	23.92	+
f	t	t	g	g	a	u	h	c	0.0	0.875	491.0	0.5	0.0	25.75	+
f	t	t	g	g	b	u	v	q	0.0	1.75	280.0	1.0	0.0	26.0	+
f	t	t	g	g	b	u	v	w	0.0	0.04	400.0	2.04	5800.0	37.42	+
f	t	t	g	g	b	u	v	w	0.0	0.0	239.0	2.5	200.0	34.92	+
f	t	t	g	g	b	u	h	cc	0.0	7.415	0.0	3.0	0.0	34.25	+
f	t	t	g	p	b	y	v	w	0.0	0.835	160.0	11.625	300.0	23.33	+
f	f	t	g	g	b	u	v	cc	0.0	0.085	0.0	0.0	0.0	23.17	+
f	t	t	g	g	b	u	h	i	0.0	5.0	320.0	0.5	0.0	44.33	+
f	t	f	s	g	b	u	h	x	0.0	5.75	711.0	4.5	0.0	35.17	+
t	f	t	g	g	b	u	h	q	11.0	6.0	80.0	3.0	0.0	43.25	+
t	t	t	g	g	b	u	v	m	4.0	1.25	200.0	12.25	0.0	56.75	+
t	f	t	g	g	b	u	v	d	9.0	3.0	250.0	16.165	730.0	31.67	+
t	t	t	g	p	a	y	v	q	2.0	1.5	80.0	0.79	400.0	23.42	+
t	f	t	g	g	a	u	v	q	1.0	1.585	0.0	0.835	0.0	20.42	+
t	t	t	g	g	b	u	v	cc	1.0	4.29	120.0	4.25	0.0	26.67	+
t	t	t	g	g	b	u	v	cc	1.0	1.54	520.0	1.54	50000.0	34.17	+
t	f	t	g	g	a	u	v	c	11.0	2.0	0.0	1.0	456.0	36.0	+
t	f	t	g	g	b	u	v	m	3.0	0.25	260.0	0.375	15108.0	25.5	+
t	f	t	g	g	b	u	h	w	7.0	1.46	80.0	6.5	2954.0	19.42	+
t	t	t	g	g	b	u	h	x	1.0	1.625	515.0	25.125	500.0	35.17	+
f	t	t	s	g	b	u	bb	e	0.0	1.585	420.0	7.5	0.0	32.33	-
f	t	t	g	g	a	u	v	cc	0.0	13.5	980.0	5.0	0.0	38.58	-
f	f	t	s	g	b	u	v	m	0.0	10.75	400.0	0.5	0.0	44.25	-
f	f	f	g	p	b	y	v	c	0.0	1.625	160.0	7.0	2.0	44.83	-
t	f	t	g	g	b	u	v	q	1.0	0.375	160.0	5.29	0.0	20.67	-
f	t	t	g	g	b	u	v	aa	0.0	0.125	443.0	6.5	0.0	34.08	-
f	t	t	g	p	a	y	v	aa	0.0	0.585	160.0	0.585	0.0	19.17	-
t	f	t	g	p	b	y	v	k	1.0	2.5	180.0	1.165	20.0	21.67	-
f	f	t	g	g	b	u	v	c	0.0	0.25	140.0	9.75	0.0	21.5	-
t	f	t	g	g	b	u	ff	ff	1.0	0.0	94.0	19.0	0.0	49.58	-
f	f	t	s	g	a	u	v	m	0.0	2.0	368.0	1.5	0.0	27.67	-
f	f	t	s	g	b	u	v	m	0.0	0.25	288.0	0.5	0.0	39.83	-
f	t	t	g	g	b	u	v	aa	0.0	0.455	200.0	0.625	0.0	27.25	-
f	t	t	s	g	b	u	bb	c	0.0	5.0	280.0	4.0	0.0	37.17	-
f	f	t	g	p	b	y	v	aa	0.0	4.0	188.0	2.21	0.0	25.67	-
f	t	t	g	g	b	u	v	aa	0.0	1.0	240.0	4.5	0.0	34.0	-
f	t	t	g	g	a	u	j	j	0.0	0.0	100.0	1.5	27.0	49.0	-
f	f	t	g	p	b	y	h	c	0.0	5.0	112.0	12.75	0.0	62.5	-
f	f	t	g	g	b	u	v	c	0.0	0.5	120.0	15.5	0.0	31.42	-
f	t	t	g	p	b	y	h	c	0.0	9.46	200.0	1.375	100.0	52.33	-
f	t	t	g	p	b	y	v	c	0.0	1.5	0.0	1.5	225.0	28.75	-
f	t	t	g	g	a	u	bb	i	0.0	0.5	171.0	3.54	0.0	28.58	-
f	f	t	g	p	b	y	v	aa	0.0	0.125	180.0	0.625	1.0	23.0	-
f	t	t	g	p	a	y	v	q	0.0	3.0	268.0	11.0	0.0	22.5	-
t	t	t	g	g	a	u	v	q	2.0	1.0	167.0	1.0	500.0	28.5	-
f	t	t	g	p	b	y	bb	c	0.0	0.25	164.0	1.75	400.0	37.5	-
f	f	t	g	p	b	y	v	c	0.0	4.0	80.0	16.5	0.0	35.25	-
t	f	t	g	g	b	u	v	q	2.0	0.375	0.0	5.0	38.0	18.67	-
t	t	t	g	g	b	u	v	k	2.0	2.25	120.0	12.0	5.0	25.0	-
t	t	t	g	p	b	y	h	i	2.0	5.75	75.0	4.0	0.0	27.83	-
t	f	t	g	g	b	u	z	e	20.0	0.0	152.0	15.5	130.0	54.83	-
f	f	t	s	g	b	u	v	k	0.0	0.5	280.0	1.165	0.0	28.75	-
f	f	t	g	p	a	y	v	aa	0.0	4.5	120.0	11.0	0.0	25.0	-
f	t	t	g	p	b	y	h	x	0.0	10.0	176.0	2.25	0.0	40.92	-
t	t	t	g	g	a	u	v	c	5.0	0.795	140.0	0.75	5.0	19.75	-
t	t	t	g	g	b	u	v	w	3.0	3.5	329.0	3.5	0.0	29.17	-
t	f	t	g	p	a	y	ff	ff	3.0	0.5	180.0	1.04	147.0	24.5	-
f	t	t	g	g	b	u	v	w	0.0	0.875	260.0	12.5	0.0	24.58	-
t	t	t	g	g	a	u	bb	k	3.0	1.0	212.0	0.75	0.0	33.75	-
t	t	t	g	p	b	y	h	c	3.0	1.375	140.0	1.25	210.0	20.67	-
t	f	t	g	g	a	u	v	q	2.0	1.29	200.0	1.125	0.0	25.42	-
t	t	t	g	g	b	u	h	q	7.0	11.5	300.0	7.0	5.0	37.75	-
t	f	t	g	g	b	u	v	k	15.0	6.29	0.0	6.5	11202.0	52.5	+
t	t	t	g	g	b	u	v	m	6.0	14.0	360.0	7.04	1332.0	57.83	+
t	t	t	g	g	a	u	h	cc	1.0	0.335	80.0	10.335	50.0	20.75	+
t	f	t	g	g	b	u	v	q	1.0	0.04	200.0	6.21	300.0	39.92	+
t	t	t	g	g	b	u	v	cc	67.0	1.21	140.0	12.5	258.0	25.67	+
t	t	t	g	g	a	u	v	aa	12.0	1.5	120.0	12.5	567.0	24.75	+
t	t	t	g	g	a	u	v	q	3.0	7.375	0.0	6.665	0.0	44.17	+
t	t	t	g	g	a	u	v	q	5.0	8.5	120.0	9.0	0.0	23.5	+
t	t	t	g	g	b	u	h	x	6.0	7.5	0.0	5.0	1000.0	34.92	+
t	t	t	g	g	b	u	bb	m	12.0	2.5	410.0	2.5	2510.0	47.67	+
t	t	t	g	g	b	u	v	q	7.0	2.5	100.0	11.0	809.0	22.75	+
t	f	t	g	g	b	u	bb	i	2.0	3.25	274.0	4.25	610.0	34.42	+
f	f	t	s	g	a	u	v	w	0.0	0.835	280.0	3.5	0.0	28.42	+
t	t	t	g	g	b	u	z	e	1.0	13.0	0.0	5.5	0.0	67.75	+
t	f	t	g	g	b	u	v	c	1.0	2.25	100.0	1.835	150.0	20.42	+
t	f	t	g	g	a	u	bb	e	6.0	6.5	375.0	8.0	51100.0	47.42	+
t	f	t	g	g	b	u	bb	c	6.0	2.5	0.0	5.0	367.0	36.25	+
t	t	t	g	g	b	u	h	q	12.0	5.5	408.0	5.5	1000.0	32.67	+
f	t	t	g	g	b	u	h	q	0.0	6.0	350.0	6.5	0.0	48.58	+
t	f	t	g	p	b	y	v	aa	3.0	0.5	200.0	0.54	1000.0	39.92	+
t	f	t	g	g	b	u	v	m	6.0	4.25	204.0	2.75	0.0	33.58	+
t	t	t	g	g	a	u	v	w	6.0	1.625	40.0	9.5	600.0	18.83	+
t	f	t	g	g	a	u	h	q	2.0	5.0	0.0	13.5	5000.0	26.92	+
t	t	t	g	g	a	u	h	cc	9.0	0.625	181.0	3.75	0.0	31.25	+
t	f	t	g	g	a	u	ff	j	15.0	0.0	0.0	16.0	247.0	56.5	+
t	f	t	g	p	b	y	h	cc	8.0	1.75	100.0	0.29	375.0	43.0	+
t	f	t	g	g	b	u	v	w	1.0	2.0	80.0	11.0	278.0	22.33	+
t	f	t	g	g	b	u	h	cc	9.0	5.085	399.0	1.665	827.0	27.25	+
t	f	t	g	g	b	u	h	cc	6.0	2.75	160.0	2.5	2072.0	32.83	+
t	t	t	g	g	b	u	v	q	3.0	2.375	0.0	1.5	582.0	23.25	+
t	f	t	g	p	a	y	h	q	14.0	8.0	0.0	7.54	2300.0	40.33	+
t	t	t	g	g	a	u	bb	c	7.0	4.0	0.0	6.5	3065.0	30.5	+
t	f	t	g	g	a	u	v	c	14.0	5.5	0.0	15.0	2200.0	52.83	+
t	t	t	g	g	a	u	h	cc	11.0	0.415	440.0	0.46	6.0	46.67	+
t	f	t	g	g	a	u	v	q	14.0	4.0	0.0	10.0	1602.0	58.33	+
t	t	t	g	g	b	u	h	m	12.0	4.25	93.0	6.5	0.0	37.33	+
t	t	t	g	g	b	u	v	c	11.0	1.085	60.0	2.5	2184.0	23.08	+
t	t	t	g	g	b	u	h	cc	3.0	5.5	0.0	1.5	0.0	32.75	+
t	t	t	g	p	a	y	j	j	11.0	0.0	0.0	11.5	0.0	21.67	+
t	f	t	g	p	a	y	h	x	1.0	2.54	70.0	3.04	0.0	28.5	+
t	f	t	g	g	a	u	z	e	14.0	0.0	0.0	15.0	3376.0	68.67	+
t	t	t	g	g	b	u	h	k	2.0	4.165	181.0	2.0	0.0	28.0	+
t	t	t	g	p	b	y	bb	m	1.0	0.04	280.0	0.08	2000.0	34.08	+
t	f	t	g	g	b	u	h	x	4.0	1.0	140.0	2.0	7544.0	27.67	+
t	t	t	g	g	b	u	v	m	2.0	1.75	0.0	2.0	15.0	44.0	+
t	t	t	g	g	b	u	v	x	1.0	1.665	395.0	1.71	20.0	25.08	+
f	t	t	g	p	b	y	h	e	0.0	0.04	393.0	1.75	0.0	32.0	+
f	t	t	g	g	a	u	v	q	0.0	11.0	21.0	16.5	10561.0	60.58	+
f	f	t	g	g	a	u	h	q	0.0	1.75	29.0	10.0	837.0	40.83	+
f	t	t	g	g	b	u	v	q	0.0	1.0	60.0	9.5	400.0	19.33	+
f	f	t	g	g	a	u	v	cc	0.0	0.04	440.0	0.54	11177.0	32.33	+
f	t	t	g	g	b	u	h	q	0.0	9.0	102.0	3.25	639.0	36.67	+
f	t	f	g	p	b	y	v	d	0.0	1.5	431.0	1.125	0.0	37.5	+
f	t	t	g	p	a	y	v	aa	0.0	0.25	370.0	2.54	0.0	25.08	+
f	f	t	g	g	b	u	bb	c	0.0	15.0	0.0	0.0	0.0	41.33	+
f	t	t	g	g	b	u	h	k	0.0	8.0	24.0	12.5	2028.0	56.0	+
f	t	t	g	g	a	u	h	k	0.0	8.5	0.0	13.585	0.0	49.83	+
f	f	t	g	g	b	u	h	q	0.0	1.335	100.0	10.5	0.0	22.67	+
f	t	t	g	p	b	y	v	w	0.0	0.375	260.0	1.5	1065.0	27.0	+
f	t	t	s	g	b	u	v	aa	0.0	3.0	20.0	12.5	0.0	25.0	+
f	f	t	g	g	a	u	v	aa	0.0	1.415	160.0	8.665	150.0	26.08	+
t	f	t	g	g	a	u	v	q	4.0	1.21	60.0	9.25	540.0	18.42	+
t	f	t	g	g	b	u	v	aa	14.0	1.96	60.0	8.17	158.0	20.17	+
t	f	t	g	g	b	u	bb	c	20.0	15.0	0.0	0.29	15000.0	47.67	+
t	f	t	s	g	a	u	bb	i	4.0	0.5	80.0	2.335	0.0	21.25	+
t	f	t	g	g	a	u	v	q	3.0	0.165	100.0	3.0	6.0	20.67	+
t	f	t	g	g	a	u	v	c	7.0	5.5	0.0	19.5	3000.0	57.08	+
t	f	t	g	g	a	u	v	q	7.0	2.585	129.0	5.665	3257.0	22.42	+
t	f	t	g	g	b	u	h	c	9.0	12.5	181.0	8.5	1655.0	48.75	+
t	f	t	g	g	b	u	bb	aa	1.0	3.5	0.0	6.5	500.0	40.0	+
t	f	t	g	g	b	u	v	c	7.0	5.0	0.0	5.0	3065.0	40.58	+
t	t	t	g	g	a	u	v	c	5.0	2.5	300.0	1.04	1430.0	28.67	+
t	f	t	g	g	a	u	h	q	2.0	1.625	0.0	4.625	0.0	33.08	+
f	t	t	g	g	b	u	v	c	0.0	3.0	0.0	10.5	0.0	21.33	+
f	f	t	g	g	b	u	h	i	0.0	5.125	400.0	0.205	0.0	42.0	+
f	f	t	g	g	b	u	v	x	0.0	2.5	510.0	0.96	600.0	41.75	+
t	f	t	g	p	b	y	v	w	6.0	3.085	80.0	1.585	0.0	22.67	+
t	t	t	g	p	b	y	bb	i	7.0	8.5	195.0	4.04	0.0	34.5	+
t	t	t	g	p	b	y	bb	c	8.0	1.5	144.0	5.04	7.0	28.25	+
t	t	t	g	p	b	y	v	x	3.0	3.165	380.0	3.165	0.0	33.17	+
t	f	t	g	g	b	u	h	w	12.0	15.5	0.0	7.625	790.0	48.17	+
t	t	t	g	p	b	y	v	aa	3.0	2.0	370.0	2.04	560.0	27.58	+
t	f	t	g	g	b	u	v	x	9.0	0.04	60.0	10.04	396.0	22.58	+
t	f	t	g	g	a	u	h	q	1.0	1.25	0.0	0.5	678.0	24.08	+
f	t	t	g	g	a	u	bb	i	0.0	2.25	0.0	1.0	300.0	41.33	+
t	t	t	g	g	a	u	v	q	2.0	0.71	49.0	10.25	0.0	20.75	+
t	f	t	g	p	b	y	v	w	1.0	0.085	50.0	2.125	1187.0	36.33	+
t	f	t	g	g	a	u	h	q	8.0	14.0	0.0	12.0	6590.0	35.42	+
t	f	t	g	g	b	u	h	q	6.0	5.665	381.0	9.335	168.0	28.67	+
t	f	t	g	g	b	u	v	k	7.0	4.5	150.0	2.5	1270.0	35.17	+
t	f	t	g	g	b	u	bb	c	16.0	6.5	117.0	4.25	1210.0	39.5	+
t	t	t	g	g	b	u	h	cc	14.0	10.0	399.0	5.875	0.0	39.33	+
f	t	t	s	p	b	y	v	d	0.0	5.5	100.0	6.625	0.0	24.33	+
t	t	t	g	g	b	u	ff	ff	15.0	18.0	0.0	14.5	1000.0	60.08	+
t	f	t	g	g	b	u	v	i	9.0	3.5	56.0	11.5	742.0	23.08	+
t	f	t	g	p	b	y	v	cc	1.0	5.25	211.0	2.71	0.0	26.67	+
f	f	t	s	g	b	u	v	aa	0.0	3.5	230.0	3.5	0.0	48.17	+
t	f	t	g	g	b	u	h	cc	8.0	7.0	320.0	4.04	0.0	41.17	+
t	f	t	g	g	b	u	ff	ff	5.0	5.0	0.0	11.5	8851.0	55.92	+
t	f	t	g	g	b	u	v	e	5.0	8.665	0.0	9.625	0.0	53.92	+
t	t	t	g	p	a	y	v	c	4.0	1.0	80.0	9.25	500.0	18.92	+
t	t	t	g	g	a	u	v	aa	3.0	2.29	156.0	12.54	0.0	50.08	+
t	t	t	g	g	b	u	z	e	7.0	20.0	22.0	11.0	0.0	65.42	+
f	t	t	g	g	a	u	v	aa	0.0	1.375	0.0	9.0	0.0	17.58	+
f	f	t	g	g	a	u	v	aa	0.0	0.085	100.0	9.54	0.0	18.83	+
f	t	t	g	g	a	u	v	q	0.0	0.125	228.0	5.5	0.0	37.75	+
f	t	t	g	g	b	u	bb	c	0.0	0.25	160.0	4.0	0.0	23.25	+
f	f	t	g	g	b	u	v	k	0.0	0.5	80.0	5.5	0.0	18.08	+
f	f	f	g	p	a	y	v	x	0.0	2.46	164.0	8.46	0.0	22.5	+
t	t	t	g	g	b	u	v	q	2.0	2.0	80.0	0.375	0.0	19.67	+
f	f	t	g	g	b	u	v	cc	0.0	0.665	100.0	11.0	0.0	22.08	+
t	f	t	g	g	b	u	v	cc	7.0	0.625	0.0	3.5	7059.0	25.17	+
t	t	t	g	g	a	u	v	x	2.0	13.875	519.0	3.0	1704.0	47.42	+
t	t	t	g	g	b	u	h	x	4.0	4.5	253.0	1.75	857.0	33.5	+
f	t	t	g	g	b	u	v	w	0.0	5.75	487.0	13.75	500.0	27.67	+
t	f	t	g	g	a	u	bb	i	13.0	10.0	0.0	21.0	6700.0	58.42	+
t	f	t	g	g	a	u	v	q	5.0	2.085	220.0	1.835	2503.0	20.67	+
f	t	t	g	g	b	u	bb	i	0.0	0.0	0.0	0.25	0.0	26.17	+
t	f	t	g	g	b	u	v	aa	1.0	1.415	80.0	7.5	9800.0	21.33	+
f	f	t	s	g	b	u	v	q	0.0	4.58	0.0	4.625	0.0	42.83	+
t	f	t	g	g	b	u	v	x	6.0	2.5	520.0	10.125	196.0	38.17	+
f	f	t	s	p	b	y	v	c	0.0	2.5	40.0	10.0	0.0	20.5	+
t	f	t	g	g	b	u	v	w	3.0	1.75	120.0	25.085	14.0	48.25	+
f	t	t	g	g	b	u	v	w	0.0	11.0	70.0	5.0	0.0	28.33	+
t	f	t	g	g	b	u	v	i	2.0	1.5	120.0	2.0	300.0	18.5	+
t	t	t	g	p	b	y	h	c	1.0	2.04	180.0	3.04	18027.0	33.17	+
t	t	t	g	g	b	u	h	cc	1.0	14.0	88.0	8.5	2000.0	45.0	+
t	f	t	g	g	a	u	h	q	11.0	0.29	80.0	0.21	99.0	19.67	+
t	f	t	g	g	?	u	bb	c	2.0	4.75	73.0	12.75	444.0	24.5	+
t	f	t	g	g	b	u	v	x	6.0	0.29	121.0	11.0	0.0	21.83	+
t	f	t	g	g	b	u	z	e	11.0	20.0	0.0	21.5	1200.0	40.25	+
t	t	t	g	g	b	u	h	q	6.0	5.0	470.0	5.0	0.0	41.42	+
t	f	t	g	g	a	u	h	x	11.0	1.0	0.0	11.0	3000.0	17.83	+
t	f	t	g	g	b	u	h	x	1.0	0.46	100.0	11.125	0.0	23.17	+
f	f	f	g	g	b	u	h	c	0.0	1.085	320.0	10.25	13.0	18.17	-
f	t	f	g	g	b	u	v	c	0.0	2.0	136.0	11.045	0.0	20.0	-
f	f	f	g	g	b	u	v	d	0.0	0.5	144.0	0.0	0.0	20.0	-
f	f	f	g	g	a	u	v	i	0.0	0.04	200.0	9.54	1000.0	20.75	-
f	f	f	g	p	a	y	v	c	0.0	0.165	132.0	1.75	0.0	24.5	-
f	t	f	g	g	b	u	h	d	0.0	5.75	292.0	2.335	0.0	32.75	-
f	f	f	g	p	a	y	ff	ff	0.0	0.0	0.0	0.0	0.0	52.17	-
f	f	f	g	g	a	u	o	i	0.0	0.335	0.0	1.335	120.0	48.17	-
f	t	f	g	p	a	y	h	x	0.0	0.0	154.0	10.5	32.0	20.42	-
f	f	f	g	g	b	u	ff	ff	0.0	0.0	145.0	0.585	0.0	50.75	-
f	f	f	g	p	b	y	v	c	0.0	0.04	140.0	0.085	722.0	17.08	-
f	f	f	g	p	b	y	dd	e	0.0	0.0	100.0	1.21	0.0	18.33	-
f	f	f	g	g	a	u	v	d	0.0	1.25	272.0	6.0	0.0	32.0	-
f	t	t	g	g	b	u	v	q	0.0	0.125	260.0	1.54	0.0	59.67	+
f	f	f	g	g	b	u	n	q	0.0	0.21	200.0	0.165	40.0	18.0	+
f	t	f	g	g	b	u	v	c	0.0	1.25	280.0	2.5	0.0	32.33	-
f	f	f	g	p	b	y	v	m	0.0	0.04	140.0	6.75	0.0	18.08	-
f	f	f	g	p	b	y	v	k	0.0	0.125	160.0	10.125	0.0	38.25	-
f	t	f	s	g	b	u	h	cc	0.0	2.25	340.0	2.5	0.0	30.67	-
f	f	f	g	g	b	u	v	d	0.0	0.54	120.0	5.71	0.0	18.58	-
f	f	f	g	g	a	u	h	i	0.0	0.29	80.0	5.415	484.0	19.17	-
f	f	f	g	p	a	y	h	q	0.0	0.165	340.0	10.0	0.0	18.17	-
f	f	t	s	g	b	u	v	m	0.0	0.085	200.0	0.835	0.0	16.25	-
f	f	f	g	p	b	y	h	c	0.0	0.25	280.0	0.875	204.0	21.17	-
f	f	f	g	p	b	y	h	cc	0.0	0.125	240.0	0.585	1.0	23.92	-
f	f	f	s	g	b	u	v	c	0.0	0.25	80.0	4.46	0.0	17.67	-
t	f	f	g	g	a	u	v	q	1.0	0.25	108.0	1.25	98.0	16.5	-
t	f	f	g	g	b	u	v	c	2.0	0.125	0.0	12.625	5552.0	23.25	-
t	f	f	g	g	b	u	h	w	1.0	0.165	120.0	10.0	1.0	17.58	-
t	f	f	g	g	b	u	v	w	1.0	0.29	340.0	0.58	2803.0	29.5	-
t	f	f	g	p	b	y	v	c	1.0	0.165	200.0	0.415	1.0	18.83	-
f	f	f	g	p	a	y	j	j	0.0	0.0	160.0	1.75	0.0	21.75	-
f	t	f	s	g	b	u	v	m	0.0	0.5	320.0	0.75	0.0	23.0	-
t	f	f	g	g	a	u	v	w	1.0	1.0	120.0	10.0	1.0	18.25	-
t	f	f	g	g	b	u	v	w	1.0	0.165	272.0	0.54	444.0	25.42	-
t	f	f	g	g	b	u	v	w	2.0	0.125	220.0	2.415	1.0	35.75	-
t	f	f	g	g	a	u	ff	ff	1.0	0.0	160.0	0.335	126.0	16.08	-
t	t	f	g	g	a	u	ff	ff	2.0	3.04	200.0	3.125	4.0	31.92	-
t	f	f	g	g	b	u	ff	ff	1.0	4.0	70.0	9.0	6.0	69.17	-
t	t	f	g	g	b	u	v	aa	2.0	1.75	720.0	2.5	0.0	32.92	-
t	f	f	g	g	b	u	v	aa	1.0	0.665	80.0	2.75	21.0	16.33	-
t	t	f	g	g	b	u	v	c	2.0	3.335	180.0	12.125	173.0	22.17	-
t	f	f	g	g	a	u	ff	ff	1.0	6.5	0.0	2.0	10.0	57.58	-
f	t	f	s	g	b	u	v	d	0.0	0.25	280.0	0.165	0.0	18.25	-
f	t	f	s	g	b	u	v	c	0.0	0.5	280.0	1.0	0.0	23.42	-
f	f	f	g	g	a	u	v	q	0.0	0.085	120.0	2.875	0.0	15.92	-
f	f	f	g	g	a	u	h	q	0.0	1.5	280.0	13.665	1.0	24.75	-
f	t	t	g	p	b	y	ff	ff	0.0	0.0	0.0	26.335	0.0	48.75	-
f	f	f	g	g	b	u	ff	ff	0.0	4.5	160.0	2.75	25.0	23.5	-
f	f	f	g	g	b	u	ff	ff	0.0	0.415	80.0	10.29	0.0	18.58	-
f	t	f	s	g	b	u	h	k	0.0	0.25	140.0	1.29	0.0	27.75	-
f	f	f	g	p	a	y	j	j	0.0	0.0	160.0	3.0	20.0	31.75	-
f	t	f	g	g	a	u	v	w	0.0	1.0	360.0	4.5	6.0	24.83	-
f	t	f	g	p	b	y	v	c	0.0	2.335	112.0	1.75	6.0	19.0	-
f	f	f	g	g	a	u	v	aa	0.0	0.125	200.0	0.21	1.0	16.33	-
f	f	f	g	g	a	u	v	d	0.0	0.415	80.0	10.0	42.0	18.58	-
f	f	f	g	p	b	y	v	aa	0.0	0.25	60.0	0.0	0.0	16.25	-
f	t	t	s	g	b	u	v	m	0.0	0.5	320.0	0.75	0.0	23.0	-
f	f	f	g	p	b	y	h	c	0.0	0.25	280.0	0.25	204.0	21.17	-
f	t	f	p	gg	b	l	o	ff	0.0	0.0	450.0	22.0	100000.0	17.5	+
f	t	f	s	p	b	y	bb	m	0.0	0.0	500.0	0.0	1.0	19.17	+
f	t	f	g	p	b	y	v	c	0.0	1.5	232.0	0.125	113.0	36.75	+
f	f	f	g	g	b	u	v	w	0.0	1.5	150.0	1.5	8.0	21.25	+
f	t	f	s	gg	a	l	ff	cc	0.0	10.0	300.0	0.375	0.0	18.08	+
f	f	f	g	g	a	u	v	cc	0.0	0.375	300.0	0.375	44.0	33.67	+
t	f	t	g	p	b	y	v	k	11.0	0.25	380.0	0.205	2732.0	48.58	+
f	f	f	g	g	b	u	v	w	0.0	1.165	120.0	1.25	0.0	33.67	-
f	f	f	g	p	a	y	v	x	0.0	1.0	280.0	1.085	13.0	29.5	-
f	f	f	g	p	b	y	v	c	0.0	0.04	170.0	1.085	179.0	30.17	-
f	f	f	s	g	?	u	bb	i	0.0	0.5	1160.0	3.5	0.0	40.83	-
f	f	f	s	p	b	y	v	w	0.0	3.0	200.0	2.5	0.0	34.83	-
f	t	f	g	p	a	y	v	c	0.0	2.5	0.0	2.5	2.0	33.25	-
f	f	f	g	g	b	u	v	c	0.0	1.0	460.0	2.5	16.0	34.08	-
f	t	f	g	g	a	u	v	d	0.0	1.0	180.0	12.5	1062.0	25.25	-
f	f	f	g	g	b	u	bb	cc	0.0	0.5	348.0	2.5	0.0	34.75	-
f	t	f	g	g	b	u	h	q	0.0	0.165	220.0	0.75	251.0	27.67	-
f	t	f	g	g	b	u	v	c	0.0	1.0	0.0	6.5	228.0	47.33	-
f	t	f	g	p	a	y	h	i	0.0	0.5	160.0	1.25	0.0	34.83	-
f	f	f	g	p	a	y	v	aa	0.0	2.0	180.0	3.0	0.0	33.25	-
f	t	f	g	g	b	u	v	w	0.0	0.75	300.0	3.0	67.0	28.0	-
f	f	f	g	g	a	u	v	c	0.0	3.0	480.0	4.0	0.0	39.08	-
f	f	f	g	g	b	u	v	aa	0.0	0.04	108.0	4.085	100.0	42.75	-
f	t	f	g	g	b	u	bb	i	0.0	0.5	640.0	2.25	4000.0	26.92	-
f	f	f	g	g	b	u	bb	i	0.0	0.0	180.0	2.75	0.0	33.75	-
f	t	f	g	g	b	u	v	k	0.0	0.5	300.0	1.75	2.0	38.92	-
f	f	f	g	g	b	u	z	e	0.0	0.0	0.0	7.0	12.0	62.75	-
f	t	f	g	g	?	u	v	c	0.0	0.25	372.0	1.5	122.0	32.25	-
f	f	f	g	p	b	y	bb	c	0.0	2.5	200.0	4.5	1210.0	26.75	-
t	t	t	g	g	b	u	v	c	3.0	0.585	180.0	0.54	0.0	63.33	-
t	t	f	g	g	b	u	v	w	1.0	2.25	100.0	1.5	3.0	27.83	-
f	t	f	g	g	a	u	j	j	0.0	0.0	276.0	2.0	1.0	26.17	-
f	f	f	g	p	b	y	ff	ff	0.0	0.0	100.0	0.585	0.0	22.17	-
f	t	f	g	p	b	y	v	m	0.0	1.5	0.0	11.5	4000.0	22.5	-
f	t	f	s	g	b	u	v	d	0.0	0.585	0.0	1.585	0.0	30.75	-
f	t	f	g	g	b	u	v	i	0.0	0.25	221.0	2.0	0.0	36.67	-
t	t	f	g	g	a	u	v	aa	2.0	1.0	320.0	0.165	1.0	16.0	-
f	f	f	g	g	b	u	v	d	0.0	0.165	168.0	1.335	0.0	41.17	-
f	t	f	g	g	a	u	v	q	0.0	0.04	380.0	0.165	0.0	19.5	-
f	t	f	g	g	b	u	v	d	0.0	0.165	120.0	3.0	0.0	32.42	-
f	f	f	g	g	a	u	ff	ff	0.0	0.0	160.0	4.71	0.0	36.75	-
f	t	f	s	g	a	u	v	k	0.0	5.5	100.0	5.5	0.0	30.25	-
f	t	f	g	g	b	u	ff	ff	0.0	0.085	100.0	2.5	4208.0	23.08	-
f	f	f	g	g	b	u	ff	k	0.0	0.0	100.0	0.54	0.0	26.83	-
f	f	f	s	p	b	y	v	k	0.0	0.29	200.0	0.335	0.0	16.92	-
t	f	f	g	g	b	u	dd	e	2.0	0.165	320.0	2.0	1300.0	24.42	-
t	t	f	g	g	b	u	v	m	1.0	13.875	352.0	1.25	112.0	42.83	-
f	f	f	g	g	a	u	v	aa	0.0	0.165	220.0	6.165	1000.0	22.75	-
f	f	f	s	p	b	y	v	m	0.0	0.165	400.0	1.71	0.0	39.42	-
f	t	f	g	p	a	y	h	k	0.0	3.0	20.0	11.5	16.0	23.58	-
f	t	f	g	p	b	y	n	r	0.0	0.75	132.0	0.75	2.0	21.42	-
f	t	f	g	p	b	y	v	w	0.0	7.0	280.0	2.5	0.0	33.0	-
f	t	f	g	g	b	u	dd	e	0.0	0.0	140.0	13.0	1110.0	26.33	-
f	t	f	s	g	a	u	h	k	0.0	1.0	240.0	4.585	0.0	45.0	-
f	f	f	g	g	b	u	v	w	0.0	0.125	100.0	1.54	0.0	26.25	-
f	f	f	g	g	?	u	v	aa	0.0	0.04	260.0	0.585	1004.0	28.17	-
f	f	f	g	p	a	y	dd	e	0.0	1.0	260.0	0.5	0.0	20.83	-
f	f	f	g	g	b	u	v	d	0.0	0.125	0.0	14.5	286.0	28.67	-
f	t	f	s	p	b	y	v	c	0.0	2.0	240.0	0.835	0.0	20.67	-
f	t	f	g	g	b	u	bb	i	0.0	0.125	440.0	1.335	4500.0	34.42	-
f	t	f	s	g	b	u	bb	i	0.0	4.0	420.0	0.25	0.0	33.58	-
f	t	f	g	g	b	u	bb	i	0.0	2.25	141.0	5.0	0.0	43.17	-
f	f	f	g	g	a	u	v	c	0.0	0.165	160.0	7.0	0.0	22.67	-
f	f	f	g	p	a	y	bb	i	0.0	4.5	200.0	2.5	456.0	24.33	-
f	t	f	g	p	a	y	ff	ff	0.0	5.0	0.0	4.25	4.0	56.83	-
f	t	f	g	g	b	u	v	k	0.0	1.585	100.0	11.46	1212.0	22.08	-
f	t	f	g	p	b	y	v	c	0.0	1.5	60.0	5.5	0.0	34.0	-
f	t	f	g	p	b	y	v	aa	0.0	0.54	120.0	1.5	67.0	22.58	-
f	t	f	s	g	b	u	v	c	0.0	0.5	0.0	0.0	0.0	21.17	-
f	t	f	g	g	b	u	bb	i	0.0	0.0	178.0	14.585	0.0	26.67	-
f	f	f	s	g	b	u	v	m	0.0	0.085	0.0	0.17	0.0	22.92	-
f	f	f	g	g	b	u	v	e	0.0	1.0	600.0	7.0	0.0	15.17	-
f	f	f	g	g	b	u	bb	i	0.0	0.21	550.0	5.0	0.0	39.92	-
f	t	f	g	g	b	u	bb	aa	0.0	0.25	720.0	12.5	0.0	27.42	-
f	t	f	g	g	b	u	v	m	0.0	1.0	120.0	0.54	1.0	24.75	-
f	f	f	g	p	b	y	v	w	0.0	0.25	0.0	1.25	195.0	41.17	-
f	t	f	g	g	a	u	v	d	0.0	0.54	0.0	1.625	0.0	33.08	-
f	f	f	g	p	b	y	h	x	0.0	0.04	128.0	2.04	1.0	29.83	-
f	f	f	g	p	a	y	ff	ff	0.0	0.125	120.0	0.585	87.0	23.58	-
f	t	f	g	p	b	y	h	k	0.0	1.25	0.0	12.5	17.0	26.17	-
f	f	f	g	g	b	u	v	c	0.0	0.085	300.0	2.085	0.0	31.0	-
f	f	f	g	p	b	y	v	j	0.0	0.29	140.0	5.085	184.0	20.75	-
f	f	f	g	g	b	u	v	c	0.0	0.29	220.0	0.375	140.0	28.92	-
f	t	f	g	g	a	u	bb	i	0.0	3.085	73.0	6.5	0.0	51.92	-
f	f	f	s	g	a	u	v	q	0.0	0.75	160.0	0.335	0.0	22.67	-
f	t	f	g	p	b	y	bb	i	0.0	1.085	480.0	5.085	0.0	34.0	-
f	f	f	s	g	a	u	ff	ff	0.0	0.0	0.0	6.0	0.0	69.5	-
t	f	f	g	p	a	y	v	c	1.0	1.0	2000.0	0.665	2.0	19.58	-
t	f	f	g	g	b	u	v	w	1.0	0.085	0.0	3.125	6.0	16.0	-
t	f	f	g	g	b	u	v	q	4.0	0.335	160.0	0.25	8.0	17.08	-
t	f	f	g	g	b	u	ff	ff	5.0	0.0	176.0	2.835	146.0	31.25	-
t	f	f	g	g	b	u	v	c	1.0	1.25	0.0	3.0	22.0	25.17	-
f	f	f	g	g	a	u	v	i	0.0	0.085	144.0	0.79	0.0	22.67	-
f	f	f	s	g	b	u	bb	i	0.0	0.0	300.0	1.5	0.0	40.58	-
f	t	f	g	g	b	u	v	k	0.0	0.125	280.0	0.46	55.0	22.25	-
f	f	f	g	p	a	y	ff	ff	0.0	3.25	280.0	1.25	0.0	22.25	-
f	f	f	g	p	b	y	v	k	0.0	0.125	200.0	0.125	70.0	22.5	-
f	t	f	g	g	b	u	v	c	0.0	0.54	136.0	1.79	1.0	23.58	-
t	f	f	g	g	b	u	v	c	2.0	0.375	225.0	0.705	500.0	38.42	-
f	t	f	g	p	a	y	ff	ff	0.0	0.0	180.0	2.54	60.0	26.58	-
f	t	f	g	g	b	u	v	i	0.0	1.0	210.0	2.5	0.0	35.0	-
f	f	f	g	g	b	u	v	q	0.0	1.5	108.0	1.085	7.0	20.42	-
f	f	f	g	g	b	u	v	w	0.0	1.75	200.0	1.25	0.0	29.42	-
f	f	f	g	g	b	u	v	cc	0.0	1.165	100.0	0.835	0.0	26.17	-
f	f	f	p	g	b	u	v	c	0.0	1.5	120.0	2.165	0.0	33.67	-
f	f	f	g	g	b	u	v	c	0.0	0.25	110.0	1.25	0.0	24.58	-
f	t	f	g	g	a	u	v	w	0.0	0.25	180.0	2.04	50.0	27.67	-
f	f	f	g	g	b	u	v	e	0.0	0.04	120.0	0.835	5.0	37.5	-
f	f	f	g	g	b	u	ff	ff	0.0	0.29	200.0	2.29	3.0	49.17	-
f	f	f	g	p	b	y	v	cc	0.0	0.085	180.0	0.335	0.0	33.58	-
f	f	f	g	p	b	y	ff	ff	0.0	1.5	180.0	3.0	4.0	51.83	-
f	f	f	g	p	b	y	v	c	0.0	0.165	160.0	3.165	1058.0	22.92	-
f	t	f	g	g	b	u	v	k	0.0	0.085	356.0	1.54	0.0	21.83	-
f	f	f	g	g	b	u	v	aa	0.0	0.5	200.0	1.0	0.0	25.25	-
f	t	f	g	g	b	u	v	c	0.0	2.415	320.0	2.71	0.0	58.58	-
t	f	f	g	p	b	y	ff	ff	4.0	0.0	45.0	0.0	1.0	19.0	-
t	f	f	g	g	b	u	ff	ff	3.0	0.0	350.0	0.585	769.0	19.58	-
f	t	f	s	g	a	u	ff	ff	0.0	0.0	62.0	0.165	27.0	53.33	-
t	f	f	g	g	a	u	ff	ff	1.0	0.0	92.0	1.25	300.0	27.17	-
t	t	f	g	g	b	u	v	k	2.0	0.375	174.0	0.875	3.0	25.92	-
t	f	f	s	g	b	u	v	k	11.0	1.0	0.0	0.0	0.0	23.08	-
t	f	f	g	g	b	u	ff	ff	2.0	0.0	17.0	5.0	1.0	39.58	-
f	t	f	s	p	b	y	v	m	0.0	0.125	80.0	2.71	0.0	30.58	-
f	t	f	g	g	b	u	v	k	0.0	0.04	160.0	3.0	40.0	17.25	-
f	f	f	g	p	a	y	ff	j	0.0	0.0	86.0	0.0	0.0	17.67	-
f	f	f	g	g	b	u	v	c	0.0	0.165	132.0	0.125	0.0	16.5	-
f	f	f	g	g	a	u	ff	ff	0.0	0.0	340.0	1.665	1.0	27.33	-
t	f	f	g	g	b	u	ff	ff	1.0	0.0	96.0	1.125	19.0	31.25	-
f	f	f	g	g	b	u	v	c	0.0	0.5	0.0	7.0	0.0	20.0	-
f	f	f	g	g	b	u	v	c	0.0	1.5	0.0	1.625	316.0	39.5	-
f	f	f	g	g	b	u	v	q	0.0	3.5	454.0	4.25	50.0	36.5	-
f	t	f	g	g	?	u	v	w	0.0	0.25	300.0	0.665	0.0	29.75	-
f	t	f	g	g	b	u	v	d	0.0	3.75	0.0	1.5	350.0	52.42	-
f	f	f	g	g	b	u	v	w	0.0	0.085	320.0	18.125	3552.0	36.17	-
f	f	f	g	p	b	y	v	c	0.0	0.04	240.0	0.75	0.0	29.67	-
f	f	f	g	g	b	u	bb	i	0.0	5.0	210.0	5.5	687.0	36.17	-
f	t	f	g	p	b	y	v	c	0.0	1.5	160.0	0.29	0.0	25.67	-
f	f	f	g	p	a	y	v	c	0.0	0.0	120.0	2.415	0.0	24.5	-
t	f	f	g	g	b	u	v	m	4.0	0.085	254.0	0.875	1950.0	24.08	-
f	f	f	g	g	b	u	v	c	0.0	0.125	360.0	0.5	0.0	21.92	-
t	f	f	g	g	a	u	ff	ff	10.0	0.0	200.0	0.29	18.0	36.58	-
t	f	f	g	g	a	u	j	j	1.0	0.0	200.0	1.835	53.0	23.0	-
t	t	f	g	g	a	u	v	m	1.0	2.79	280.0	3.0	10.0	27.58	-
t	t	f	g	g	b	u	v	c	2.0	2.5	160.0	3.085	41.0	31.08	-
t	f	f	g	g	a	u	h	w	3.0	0.04	0.0	1.375	33.0	30.42	-
f	f	f	g	g	b	u	v	k	0.0	0.75	180.0	2.335	0.0	22.08	-
f	t	f	g	g	b	u	h	i	0.0	0.415	120.0	4.085	0.0	16.33	-
f	f	f	g	g	a	u	h	k	0.0	0.085	320.0	11.665	5.0	21.92	-
f	f	f	g	p	b	y	h	i	0.0	0.04	140.0	4.125	100.0	21.08	-
f	f	f	g	g	b	u	v	i	0.0	0.125	60.0	6.5	100.0	17.42	-
f	t	f	g	p	b	y	v	i	0.0	1.0	360.0	4.0	1000.0	19.17	-
f	f	f	g	g	b	u	v	c	0.0	0.125	0.0	0.415	44.0	20.67	-
f	t	f	g	g	b	u	v	d	0.0	0.75	80.0	2.0	0.0	26.75	-
f	t	f	g	g	b	u	h	i	0.0	0.085	220.0	0.835	5.0	23.58	-
f	t	f	s	p	b	y	h	i	0.0	10.0	200.0	2.5	0.0	39.17	-
f	f	f	g	g	b	u	v	i	0.0	0.415	0.0	11.5	0.0	22.75	-
f	f	f	s	p	?	y	?	?	0.0	0.085	80.0	2.71	0.0	26.5	-
t	t	f	g	g	a	u	v	i	6.0	0.165	240.0	0.5	35.0	16.92	-
t	t	f	g	p	b	y	v	k	1.0	0.415	280.0	3.165	80.0	23.5	-
t	t	f	g	g	a	u	v	aa	10.0	1.75	0.0	9.5	10.0	17.33	-
t	f	f	g	p	b	y	v	c	2.0	0.04	128.0	0.415	6.0	23.75	-
f	f	f	s	g	b	u	v	m	0.0	1.165	28.0	1.08	0.0	34.67	-
t	f	f	g	p	b	y	ff	ff	2.0	0.04	0.0	19.0	351.0	74.83	-
f	f	f	g	p	b	y	v	k	0.0	0.085	216.0	0.125	2100.0	28.17	-
f	t	f	g	p	b	y	v	aa	0.0	0.04	120.0	13.335	475.0	24.5	-
f	t	f	g	p	b	y	ff	ff	0.0	0.0	180.0	3.54	1.0	18.83	-
f	t	f	g	g	?	u	v	q	0.0	0.125	263.0	1.0	0.0	45.33	-
t	f	t	g	g	a	u	h	q	1.0	2.75	333.0	0.75	892.0	47.25	+
t	t	t	g	g	b	u	v	q	2.0	4.625	520.0	0.875	2000.0	24.17	+
t	f	t	g	g	b	u	v	m	14.0	6.5	240.0	9.5	4607.0	39.25	+
f	f	t	g	g	a	u	h	c	0.0	6.0	340.0	11.835	0.0	20.5	+
f	f	t	g	p	a	y	h	c	0.0	3.0	240.0	4.415	0.0	18.83	+
f	f	t	g	g	b	u	v	w	0.0	1.5	120.0	9.5	2206.0	19.17	+
f	t	t	g	g	a	u	h	x	0.0	1.04	160.0	0.875	5860.0	25.0	+
t	t	t	g	g	b	u	v	c	3.0	1.665	40.0	9.25	28.0	20.17	+
t	t	t	g	g	b	u	v	c	5.0	1.46	312.0	0.5	0.0	25.75	+
t	f	t	g	g	b	u	v	c	3.0	1.625	200.0	7.0	1391.0	20.42	+
t	t	t	g	g	b	u	v	cc	10.0	3.5	0.0	5.0	0.0	39.0	+
t	f	t	g	g	a	u	ff	ff	1.0	0.0	232.0	0.165	100.0	64.08	+
t	f	t	g	g	b	u	v	x	2.0	4.75	420.0	5.125	7.0	28.25	+
t	t	t	g	g	a	u	v	c	1.0	1.085	371.0	3.75	0.0	28.75	+
t	f	t	g	g	b	u	v	c	16.0	7.0	0.0	19.5	5000.0	31.33	+
t	f	t	g	g	a	u	v	aa	2.0	0.75	88.0	9.0	591.0	18.92	+
t	f	t	g	g	a	u	h	q	19.0	1.835	0.0	3.0	500.0	24.75	+
t	f	t	g	g	a	u	v	c	1.0	2.0	220.0	12.0	19.0	30.67	+
t	t	t	g	p	b	y	v	w	1.0	2.25	80.0	4.79	300.0	21.0	+
t	t	t	g	p	b	y	v	w	2.0	1.75	120.0	4.0	1000.0	13.75	+
f	f	t	g	g	a	u	j	j	0.0	0.0	100.0	4.0	960.0	46.0	+
f	f	t	g	g	a	u	v	c	0.0	2.5	0.0	0.0	0.0	44.33	+
f	f	t	g	g	b	u	dd	e	0.0	0.0	0.0	9.96	0.0	20.25	+
f	f	t	g	p	b	y	h	c	0.0	2.585	0.0	2.54	0.0	22.67	+
t	f	t	g	g	a	u	v	aa	4.0	4.0	0.0	5.0	99.0	60.92	+
t	t	t	g	g	b	u	v	c	5.0	1.75	352.0	0.75	690.0	16.08	+
t	f	t	g	g	a	u	v	q	4.0	0.585	80.0	0.375	0.0	28.17	+
t	t	t	g	g	b	u	v	x	5.0	0.125	480.0	1.71	0.0	39.17	+
t	f	t	g	g	?	u	v	k	1.0	1.5	160.0	7.5	234.0	20.42	+
t	t	t	g	g	a	u	dd	e	5.0	2.25	99.0	5.29	500.0	30.0	+
t	f	t	g	g	b	u	v	m	1.0	1.29	260.0	3.0	800.0	22.83	+
t	f	t	g	g	a	u	v	q	10.0	1.75	80.0	8.5	990.0	22.5	-
f	t	t	g	g	a	u	v	q	0.0	2.415	440.0	1.665	0.0	28.58	-
f	t	t	g	g	b	u	v	c	0.0	2.5	140.0	1.5	0.0	45.17	-
f	f	t	g	g	b	u	v	k	0.0	0.21	160.0	1.75	0.0	41.58	-
f	t	t	g	g	a	u	bb	i	0.0	1.0	252.0	0.335	2197.0	57.08	-
t	t	t	g	g	a	u	h	k	3.0	6.75	100.0	7.08	50.0	55.75	-
t	f	t	g	g	b	u	h	q	1.0	0.21	760.0	25.21	90.0	43.25	-
f	t	t	g	g	a	u	h	c	0.0	2.75	360.0	2.085	1.0	25.33	-
f	f	t	g	g	a	u	h	aa	0.0	1.75	400.0	0.67	0.0	24.58	-
f	f	t	g	g	b	u	bb	i	0.0	0.75	560.0	2.25	0.0	43.17	-
f	f	t	g	g	b	u	ff	ff	0.0	0.0	130.0	0.835	1.0	40.92	-
f	t	t	g	g	b	u	v	aa	0.0	7.5	523.0	2.5	0.0	31.83	-
f	f	t	g	p	a	y	ff	ff	0.0	0.0	320.0	1.585	0.0	33.92	-
f	f	t	g	g	a	u	ff	ff	0.0	0.0	80.0	1.25	0.0	24.92	-
f	t	t	g	g	b	u	h	x	0.0	3.75	680.0	3.165	0.0	35.25	-
f	t	t	g	g	b	u	bb	w	0.0	0.25	163.0	1.75	0.0	34.25	-
f	f	t	g	g	b	u	?	?	0.0	0.54	0.0	5.5	340.0	80.25	-
f	t	t	g	p	b	y	v	cc	0.0	2.0	100.0	1.5	20.0	19.42	-
f	f	t	g	g	b	u	bb	i	0.0	1.0	0.0	3.0	200.0	42.75	-
f	t	t	g	p	b	y	h	k	0.0	0.835	140.0	10.0	0.0	19.67	-
f	t	t	g	g	b	u	v	w	0.0	1.165	200.0	3.79	0.0	36.33	-
t	t	t	g	p	b	y	bb	i	10.0	0.5	132.0	1.04	28.0	30.08	-
f	f	t	s	p	b	y	v	d	0.0	1.5	0.0	11.0	0.0	44.25	-
t	t	t	g	p	b	y	v	w	6.0	2.625	208.0	0.46	347.0	23.58	-
t	f	t	g	g	b	u	h	d	6.0	1.875	200.0	1.5	327.0	23.92	+
t	t	t	g	g	b	u	v	x	7.0	0.75	340.0	1.0	4071.0	33.17	+
f	f	t	s	g	b	u	v	m	0.0	16.0	110.0	12.0	0.0	48.33	+
t	t	t	g	g	b	u	z	e	1.0	12.75	0.0	22.29	109.0	76.75	+
t	f	t	g	g	b	u	bb	i	11.0	0.0	0.0	10.0	1249.0	51.33	+
t	t	t	g	g	b	u	n	r	9.0	5.375	0.0	15.0	134.0	34.75	+
t	f	t	g	g	b	u	v	w	14.0	4.0	383.0	3.335	1344.0	38.58	+
t	f	t	g	p	a	y	h	x	4.0	0.75	0.0	11.25	321.0	22.42	+
t	f	t	g	g	b	u	h	c	6.0	0.21	220.0	0.42	948.0	41.92	+
t	t	t	g	g	b	u	v	w	2.0	7.5	330.0	4.5	0.0	29.58	+
t	f	t	g	g	a	u	v	w	16.0	1.085	120.0	1.46	2079.0	32.17	+
f	f	t	g	g	b	u	h	x	0.0	0.04	0.0	0.04	3000.0	51.42	+
t	t	t	g	g	a	u	h	q	7.0	2.29	140.0	2.29	2384.0	22.83	+
t	f	t	g	g	a	u	h	cc	6.0	3.5	400.0	12.33	458.0	25.0	+
f	f	t	g	g	b	u	h	x	0.0	1.25	0.0	1.125	5298.0	26.75	+
f	f	t	g	g	b	u	h	c	0.0	1.415	422.0	1.5	200.0	23.33	+
f	t	t	g	g	b	u	h	q	0.0	1.585	120.0	12.335	0.0	24.42	+
f	t	t	g	g	b	u	h	q	0.0	12.75	92.0	5.04	0.0	42.17	+
f	f	t	g	g	a	u	v	aa	0.0	0.04	100.0	3.0	0.0	20.83	+
t	t	t	g	g	b	u	h	w	11.0	2.125	290.0	11.5	284.0	23.08	+
f	f	t	g	g	a	u	h	x	0.0	0.875	360.0	2.875	0.0	25.17	+
t	t	t	g	p	b	y	v	c	8.0	0.375	300.0	0.375	162.0	43.08	+
t	f	t	g	g	a	u	v	aa	4.0	0.75	0.0	0.915	1583.0	35.75	+
t	t	t	g	g	b	u	v	w	5.0	1.75	60.0	2.75	58.0	59.5	+
t	t	t	g	p	b	y	v	d	8.0	1.085	160.0	3.0	1.0	21.0	+
t	t	t	g	p	b	y	v	x	1.0	0.04	840.0	0.54	59.0	21.92	+
t	t	t	g	g	a	u	ff	ff	11.0	0.0	0.0	14.0	1400.0	65.17	+
t	f	t	g	g	a	u	h	c	4.0	1.0	50.0	10.0	1465.0	20.33	+
t	t	t	g	p	b	y	h	c	1.0	3.25	432.0	0.165	8000.0	32.25	+
t	f	t	g	g	b	u	v	c	11.0	1.75	32.0	0.5	540.0	30.17	+
t	f	t	g	g	b	u	v	c	3.0	1.0	0.0	6.0	0.0	25.17	+
t	f	t	g	g	b	u	v	c	10.0	1.5	186.0	1.625	4700.0	39.17	+
t	t	t	g	g	b	u	v	m	5.0	1.29	108.0	6.0	1097.0	39.08	+
t	t	t	g	g	b	u	v	x	8.0	1.335	303.0	0.83	3290.0	31.67	+
t	f	f	s	g	b	u	v	e	1.0	0.04	560.0	0.04	0.0	41.0	+
f	t	t	g	g	b	u	v	m	0.0	0.125	225.0	4.25	0.0	48.5	+
f	t	t	g	p	b	y	h	w	0.0	5.25	154.0	9.0	0.0	32.67	+
f	f	t	g	p	a	y	z	e	0.0	0.0	0.0	15.0	13212.0	28.08	+
f	t	t	g	g	b	u	ff	ff	0.0	0.0	0.0	17.75	0.0	73.42	+
t	t	t	g	g	b	u	h	x	9.0	17.5	0.0	20.0	1000.0	64.08	+
t	f	t	g	g	b	u	v	c	9.0	8.5	0.0	15.0	0.0	51.58	+
t	t	t	g	p	b	y	v	c	5.0	1.0	160.0	1.75	5777.0	26.67	+
t	t	t	g	g	b	u	v	c	7.0	0.29	96.0	0.58	5124.0	25.33	+
t	f	t	g	g	b	u	v	cc	8.0	3.125	330.0	6.5	1200.0	30.17	+
t	t	t	g	g	b	u	h	c	3.0	4.25	312.0	0.75	150.0	27.0	+
f	t	f	g	g	b	u	v	w	0.0	0.085	290.0	5.25	6.0	34.17	+
f	t	t	g	g	b	u	v	k	0.0	0.085	280.0	0.21	0.0	38.67	+
f	f	t	g	g	b	u	bb	c	0.0	0.25	349.0	0.75	23.0	25.75	+
t	t	t	g	g	a	u	v	c	8.0	2.375	396.0	3.0	4159.0	46.08	+
t	f	t	g	g	a	u	v	aa	3.0	2.5	80.0	6.0	918.0	21.5	+
t	f	f	g	g	?	u	v	q	1.0	1.0	240.0	0.125	768.0	20.08	+
t	t	t	g	g	b	u	v	c	11.0	2.0	200.0	2.415	3000.0	20.5	+
t	f	t	g	g	a	u	v	k	4.0	0.54	380.0	0.46	500.0	29.5	+
f	t	f	g	p	?	y	?	?	0.0	0.0	150.0	1.75	1.0	42.25	-
f	f	f	g	p	b	y	v	k	0.0	0.25	224.0	1.25	0.0	29.83	-
f	f	f	g	g	b	u	v	q	0.0	0.125	200.0	0.25	0.0	20.08	-
f	f	t	g	g	b	u	h	c	0.0	0.085	180.0	0.585	0.0	23.42	-
f	t	f	g	p	a	y	v	k	0.0	1.25	280.0	1.75	0.0	29.58	-
f	f	f	g	g	b	u	v	c	0.0	0.04	0.0	0.04	0.0	16.17	+
f	t	f	g	g	b	u	v	k	0.0	0.5	232.0	3.5	0.0	32.33	-
f	t	f	g	g	b	u	bb	x	0.0	0.085	520.0	4.165	0.0	47.83	-
f	f	f	g	p	b	y	v	k	0.0	0.125	140.0	1.25	4.0	20.0	-
t	t	f	g	p	b	y	h	q	2.0	5.085	369.0	3.25	1.0	27.58	-
t	f	f	g	g	b	u	v	w	1.0	0.29	420.0	0.79	283.0	22.0	-
t	t	f	g	g	b	u	bb	c	2.0	0.585	200.0	10.915	7.0	19.33	-
f	f	f	g	g	a	u	v	c	0.0	0.125	160.0	4.415	0.0	38.33	-
t	t	f	g	g	b	u	h	c	2.0	0.25	400.0	1.25	108.0	29.42	-
t	t	f	g	g	b	u	v	i	1.0	1.585	400.0	0.75	9.0	22.67	-
t	f	f	g	p	b	y	ff	ff	2.0	0.0	160.0	14.0	1.0	32.25	-
t	t	f	g	g	b	u	v	m	1.0	2.0	460.0	4.75	68.0	29.58	-
f	f	t	g	p	b	y	v	aa	0.0	0.125	120.0	10.415	375.0	18.42	-
f	f	f	g	g	b	u	v	i	0.0	0.125	160.0	2.25	10.0	22.17	-
f	t	f	s	g	b	u	j	c	0.0	2.25	0.0	0.165	0.0	22.67	+
f	f	f	g	g	b	u	v	q	0.0	0.665	160.0	0.0	1.0	18.83	-
f	f	f	g	p	b	y	v	cc	0.0	0.665	160.0	0.79	0.0	21.58	-
f	f	f	s	g	b	u	v	c	0.0	2.085	80.0	12.0	0.0	23.75	-
f	f	f	g	g	b	u	ff	ff	0.0	0.0	0.0	2.54	1000.0	36.08	-
f	f	f	g	g	b	u	h	d	0.0	0.5	228.0	13.0	0.0	29.25	-
f	f	f	g	g	a	u	v	w	0.0	1.665	220.0	0.665	5.0	19.58	-
f	t	f	g	g	a	u	v	q	0.0	0.25	120.0	1.25	809.0	22.92	-
t	t	f	g	g	a	u	h	m	1.0	0.125	272.0	0.29	108.0	27.25	-
f	f	f	g	g	a	u	ff	ff	0.0	0.0	76.0	1.5	0.0	38.75	-
f	f	f	g	p	b	y	ff	k	0.0	0.0	120.0	2.165	0.0	32.42	-
t	t	f	g	g	a	u	v	w	1.0	0.25	240.0	0.71	4.0	23.75	-
t	t	f	g	g	b	u	n	c	2.0	0.96	160.0	2.46	587.0	18.17	-
f	t	f	g	p	b	y	v	m	0.0	0.5	130.0	0.5	0.0	40.92	-
f	f	f	g	g	b	u	v	aa	0.0	0.79	80.0	9.585	350.0	19.5	-
f	t	f	g	g	b	u	v	aa	0.0	0.25	100.0	3.625	0.0	28.58	-
f	t	f	g	g	b	u	v	k	0.0	1.5	231.0	0.75	0.0	35.58	-
f	t	f	g	g	b	u	bb	i	0.0	2.5	232.0	2.75	200.0	34.17	-
f	t	f	g	p	?	y	v	cc	0.0	3.5	200.0	2.25	141.0	33.17	-
f	t	f	g	p	b	y	v	aa	0.0	3.5	320.0	0.75	0.0	31.58	-
f	f	f	g	g	a	u	h	aa	0.0	3.0	0.0	7.0	0.0	52.5	-
f	t	f	g	p	b	y	v	w	0.0	0.29	309.0	0.42	2.0	36.17	-
f	t	f	g	g	b	u	v	cc	0.0	0.165	0.0	2.665	501.0	37.33	-
f	f	f	g	g	a	u	v	c	0.0	0.165	0.0	8.5	351.0	20.83	-
f	t	f	g	g	b	u	v	aa	0.0	0.25	0.0	9.0	0.0	24.08	-
f	t	f	g	g	b	u	h	k	0.0	3.5	340.0	0.335	0.0	25.58	-
t	f	f	g	g	a	u	ff	ff	6.0	0.0	0.0	3.75	200.0	35.17	-
f	f	f	g	g	b	u	bb	i	0.0	1.0	100.0	3.75	2.0	48.08	-
t	t	f	g	g	a	u	v	q	1.0	0.125	0.0	7.625	160.0	15.83	-
f	t	f	s	g	a	u	v	i	0.0	0.335	144.0	0.415	0.0	22.5	-
f	t	t	g	g	b	u	v	i	0.0	0.5	100.0	11.5	68.0	21.5	-
t	t	f	g	g	a	u	v	q	1.0	0.415	200.0	0.83	11.0	23.58	-
f	f	f	g	p	a	y	ff	ff	0.0	0.0	0.0	5.0	0.0	21.08	-
t	t	f	g	g	b	u	h	c	1.0	2.29	416.0	3.25	21.0	25.67	-
f	f	f	g	g	a	u	v	aa	0.0	0.25	0.0	1.665	390.0	38.92	-
f	f	f	g	g	a	u	v	c	0.0	1.0	120.0	0.375	18.0	15.75	-
t	t	f	g	g	a	u	v	c	1.0	0.25	40.0	3.75	154.0	28.58	-
f	f	f	g	g	b	u	v	aa	0.0	0.085	0.0	9.0	0.0	22.25	-
f	f	f	g	g	b	u	v	c	0.0	0.165	216.0	3.5	0.0	29.83	-
f	t	f	g	g	a	u	v	w	0.0	0.875	160.0	1.5	0.0	23.5	-
f	t	f	g	p	b	y	v	cc	0.0	1.5	120.0	4.0	0.0	32.08	-
f	f	f	s	p	b	y	v	w	0.0	0.04	160.0	1.5	0.0	31.08	-
f	f	f	g	p	b	y	v	m	0.0	0.04	0.0	0.04	0.0	31.83	-
f	t	f	g	g	a	u	v	c	0.0	0.25	180.0	11.75	0.0	21.75	-
t	t	f	g	g	a	u	v	c	1.0	1.75	80.0	0.54	5.0	17.92	-
f	t	f	s	g	b	u	h	d	0.0	0.085	252.0	0.5	0.0	30.33	-
f	f	f	g	p	b	y	ff	ff	0.0	1.5	120.0	2.04	1.0	51.83	-
f	f	f	g	g	b	u	v	w	0.0	5.5	465.0	5.835	150.0	47.17	-
f	f	f	g	g	b	u	v	cc	0.0	0.5	0.0	12.835	2.0	25.83	-
f	t	f	g	g	a	u	v	aa	0.0	0.5	240.0	0.835	117.0	50.25	-
f	f	f	g	p	?	y	h	e	0.0	2.0	256.0	2.0	17.0	29.5	-
f	f	f	g	g	a	u	h	i	0.0	0.21	260.0	2.5	246.0	37.33	-
f	f	f	g	g	a	u	v	aa	0.0	0.665	240.0	1.04	237.0	41.58	-
t	t	f	g	g	a	u	h	q	12.0	0.085	129.0	10.665	3.0	30.58	-
t	f	f	g	g	b	u	v	m	1.0	0.04	100.0	7.25	1.0	19.42	-
f	f	f	g	g	a	u	ff	ff	0.0	0.0	0.0	10.21	50.0	17.92	-
f	f	f	g	g	a	u	v	c	0.0	0.0	0.0	1.25	0.0	20.08	-
f	f	f	g	g	b	u	v	k	0.0	0.29	280.0	0.29	364.0	19.5	-
f	f	f	g	p	b	y	h	d	0.0	3.0	176.0	1.0	537.0	27.83	-
f	t	f	g	g	b	u	v	i	0.0	0.335	140.0	3.29	2.0	17.08	-
f	f	f	g	p	b	y	v	d	0.0	0.585	240.0	0.75	3.0	36.42	-
f	t	f	s	g	b	u	v	m	0.0	3.5	400.0	3.29	0.0	40.58	-
f	f	f	g	p	b	y	h	e	0.0	1.25	260.0	10.085	0.0	21.08	-
t	t	f	g	g	a	u	v	c	2.0	2.0	200.0	0.75	394.0	22.67	-
t	t	f	g	p	a	y	ff	ff	1.0	2.0	200.0	13.5	1.0	25.25	-
f	f	f	g	g	b	u	v	aa	0.0	0.04	280.0	0.205	750.0	17.92	-
f	t	f	g	g	b	u	h	c	0.0	8.29	0.0	3.375	0.0	35.0	-
